    900.0000   0.000000
    900.0414   0.000000
    900.0829   0.000000
    900.1243   0.000000
    900.1657   0.000000
    900.2072   0.000000
    900.2486   0.000000
    900.2900   0.000000
    900.3315   0.000000
    900.3729   0.000000
    900.4144   0.975345
    900.4558   0.975170
    900.4973   0.974992
    900.5387   0.974810
    900.5802   0.974624
    900.6216   0.974435
    900.6631   0.974242
    900.7045   0.974045
    900.7460   0.973844
    900.7875   0.973638
    900.8289   0.973428
    900.8704   0.973213
    900.9119   0.972994
    900.9533   0.972769
    900.9948   0.972539
    901.0363   0.972304
    901.0778   0.972063
    901.1192   0.971817
    901.1607   0.971564
    901.2022   0.971305
    901.2437   0.971039
    901.2852   0.970767
    901.3267   0.970487
    901.3682   0.970200
    901.4096   0.969905
    901.4511   0.969602
    901.4926   0.969291
    901.5341   0.968971
    901.5756   0.968641
    901.6171   0.968302
    901.6586   0.967952
    901.7001   0.967592
    901.7416   0.967221
    901.7832   0.966838
    901.8247   0.966442
    901.8662   0.966034
    901.9077   0.965612
    901.9492   0.965175
    901.9907   0.964723
    902.0322   0.964256
    902.0738   0.963771
    902.1153   0.963268
    902.1568   0.962747
    902.1983   0.962205
    902.2399   0.961642
    902.2814   0.961057
    902.3229   0.960447
    902.3645   0.959813
    902.4060   0.959150
    902.4476   0.958459
    902.4891   0.957737
    902.5306   0.956982
    902.5722   0.956191
    902.6137   0.955362
    902.6553   0.954493
    902.6968   0.953580
    902.7384   0.952619
    902.7799   0.951608
    902.8215   0.950541
    902.8631   0.949415
    902.9046   0.948223
    902.9462   0.946962
    902.9877   0.945624
    903.0293   0.944202
    903.0709   0.942688
    903.1124   0.941074
    903.1540   0.939350
    903.1956   0.937503
    903.2372   0.935521
    903.2787   0.933390
    903.3203   0.931092
    903.3619   0.928607
    903.4035   0.925913
    903.4451   0.922984
    903.4867   0.919788
    903.5283   0.916289
    903.5698   0.912445
    903.6114   0.908202
    903.6530   0.903501
    903.6946   0.898265
    903.7362   0.892403
    903.7778   0.885802
    903.8194   0.878322
    903.8610   0.869784
    903.9026   0.859963
    903.9442   0.848569
    903.9859   0.835225
    904.0275   0.819441
    904.0691   0.800584
    904.1107   0.777869
    904.1523   0.750423
    904.1939   0.717441
    904.2356   0.678218
    904.2772   0.632203
    904.3188   0.579271
    904.3604   0.519930
    904.4021   0.455500
    904.4437   0.388275
    904.4853   0.321297
    904.5270   0.257991
    904.5686   0.201796
    904.6102   0.155735
    904.6519   0.122027
    904.6935   0.101804
    904.7352   0.094955
    904.7768   0.100106
    904.8185   0.114754
    904.8601   0.135552
    904.9018   0.158564
    904.9434   0.179673
    904.9851   0.195174
    905.0267   0.202306
    905.0684   0.199655
    905.1101   0.187574
    905.1517   0.168024
    905.1934   0.143952
    905.2351   0.118717
    905.2767   0.095447
    905.3184   0.076513
    905.3601   0.063548
    905.4017   0.057051
    905.4434   0.056324
    905.4851   0.059746
    905.5268   0.065470
    905.5685   0.071735
    905.6102   0.077283
    905.6518   0.081901
    905.6935   0.086647
    905.7352   0.093729
    905.7769   0.106153
    905.8186   0.127008
    905.8603   0.158609
    905.9020   0.201891
    905.9437   0.256106
    905.9854   0.318886
    906.0271   0.386803
    906.0688   0.456057
    906.1105   0.523087
    906.1522   0.585065
    906.1939   0.640123
    906.2357   0.687304
    906.2774   0.726677
    906.3191   0.758972
    906.3608   0.785194
    906.4025   0.806267
    906.4443   0.823196
    906.4860   0.836974
    906.5277   0.848364
    906.5694   0.857916
    906.6112   0.866025
    906.6529   0.872980
    906.6946   0.878996
    906.7364   0.884238
    906.7781   0.888832
    906.8199   0.892880
    906.8616   0.896461
    906.9033   0.899641
    906.9451   0.902472
    906.9868   0.904999
    907.0286   0.907259
    907.0703   0.909281
    907.1121   0.911093
    907.1538   0.912715
    907.1956   0.914169
    907.2374   0.915469
    907.2791   0.916630
    907.3209   0.917664
    907.3627   0.918581
    907.4044   0.919392
    907.4462   0.920105
    907.4880   0.920725
    907.5297   0.921261
    907.5715   0.921718
    907.6133   0.922099
    907.6551   0.922411
    907.6969   0.922656
    907.7386   0.922838
    907.7804   0.922960
    907.8222   0.923025
    907.8640   0.923034
    907.9058   0.922990
    907.9476   0.922895
    907.9894   0.922749
    908.0312   0.922554
    908.0730   0.922312
    908.1148   0.922022
    908.1566   0.921685
    908.1984   0.921303
    908.2402   0.920874
    908.2820   0.920398
    908.3238   0.919877
    908.3656   0.919309
    908.4074   0.918693
    908.4492   0.918029
    908.4911   0.917317
    908.5329   0.916554
    908.5747   0.915740
    908.6165   0.914873
    908.6583   0.913950
    908.7002   0.912971
    908.7420   0.911933
    908.7838   0.910833
    908.8257   0.909668
    908.8675   0.908435
    908.9093   0.907130
    908.9512   0.905748
    908.9930   0.904287
    909.0349   0.902739
    909.0767   0.901099
    909.1186   0.899361
    909.1604   0.897517
    909.2023   0.895559
    909.2441   0.893477
    909.2860   0.891261
    909.3278   0.888898
    909.3697   0.886376
    909.4115   0.883677
    909.4534   0.880784
    909.4953   0.877676
    909.5371   0.874328
    909.5790   0.870712
    909.6209   0.866796
    909.6627   0.862538
    909.7046   0.857894
    909.7465   0.852807
    909.7884   0.847210
    909.8302   0.841022
    909.8721   0.834142
    909.9140   0.826448
    909.9559   0.817784
    909.9978   0.807955
    910.0397   0.796712
    910.0816   0.783736
    910.1234   0.768611
    910.1653   0.750806
    910.2072   0.729655
    910.2491   0.704393
    910.2910   0.674273
    910.3329   0.638665
    910.3748   0.597041
    910.4167   0.549192
    910.4587   0.495435
    910.5006   0.436761
    910.5425   0.374980
    910.5844   0.312670
    910.6263   0.252832
    910.6682   0.198556
    910.7101   0.152646
    910.7521   0.117271
    910.7940   0.093693
    910.8359   0.082113
    910.8778   0.081639
    910.9198   0.090374
    910.9617   0.105643
    911.0036   0.124182
    911.0456   0.142429
    911.0875   0.157025
    911.1294   0.165285
    911.1714   0.165592
    911.2133   0.157782
    911.2553   0.143188
    911.2972   0.124149
    911.3392   0.103522
    911.3811   0.084139
    911.4231   0.068267
    911.4650   0.057394
    911.5070   0.052219
    911.5489   0.052356
    911.5909   0.056495
    911.6329   0.062714
    911.6748   0.069097
    911.7168   0.074103
    911.7588   0.076884
    911.8007   0.077627
    911.8427   0.077641
    911.8847   0.079212
    911.9267   0.085158
    911.9686   0.098124
    912.0106   0.119992
    912.0526   0.151448
    912.0946   0.191767
    912.1366   0.239014
    912.1786   0.290452
    912.2205   0.342985
    912.2625   0.393659
    912.3045   0.440069
    912.3465   0.480536
    912.3885   0.514182
    912.4305   0.540991
    912.4725   0.561461
    912.5145   0.576348
    912.5565   0.586390
    912.5985   0.592368
    912.6405   0.595072
    912.6826   0.595126
    912.7246   0.592981
    912.7666   0.588955
    912.8086   0.583272
    912.8506   0.576086
    912.8926   0.567506
    912.9347   0.557603
    912.9767   0.546425
    913.0187   0.533997
    913.0607   0.520331
    913.1028   0.505431
    913.1448   0.489292
    913.1868   0.471905
    913.2289   0.453265
    913.2709   0.433369
    913.3129   0.412224
    913.3550   0.389854
    913.3970   0.366304
    913.4391   0.341648
    913.4811   0.315999
    913.5232   0.289518
    913.5652   0.262419
    913.6073   0.234980
    913.6493   0.207535
    913.6914   0.180477
    913.7334   0.154238
    913.7755   0.129273
    913.8176   0.106025
    913.8596   0.084895
    913.9017   0.066202
    913.9438   0.050147
    913.9858   0.036800
    914.0279   0.026088
    914.0700   0.017810
    914.1121   0.011668
    914.1541   0.007305
    914.1962   0.004348
    914.2383   0.002443
    914.2804   0.001283
    914.3225   0.000620
    914.3646   0.000270
    914.4066   0.000102
    914.4487   0.000032
    914.4908   0.000008
    914.5329   0.000005
    914.5750   0.000009
    914.6171   0.000020
    914.6592   0.000036
    914.7013   0.000060
    914.7434   0.000092
    914.7855   0.000133
    914.8277   0.000182
    914.8698   0.000233
    914.9119   0.000281
    914.9540   0.000319
    914.9961   0.000340
    915.0382   0.000341
    915.0804   0.000322
    915.1225   0.000286
    915.1646   0.000239
    915.2067   0.000188
    915.2489   0.000141
    915.2910   0.000112
    915.3331   0.000129
    915.3753   0.000242
    915.4174   0.000539
    915.4595   0.001157
    915.5017   0.002296
    915.5438   0.004232
    915.5860   0.007311
    915.6281   0.011939
    915.6702   0.018546
    915.7124   0.027539
    915.7545   0.039241
    915.7967   0.053843
    915.8389   0.071358
    915.8810   0.091607
    915.9232   0.114235
    915.9653   0.138741
    916.0075   0.164532
    916.0497   0.190979
    916.0918   0.217464
    916.1340   0.243420
    916.1762   0.268349
    916.2183   0.291830
    916.2605   0.313518
    916.3027   0.333128
    916.3449   0.350421
    916.3871   0.365180
    916.4292   0.377188
    916.4714   0.386206
    916.5136   0.391956
    916.5558   0.394106
    916.5980   0.392276
    916.6402   0.386065
    916.6824   0.375126
    916.7246   0.359218
    916.7668   0.338241
    916.8090   0.312349
    916.8512   0.282059
    916.8934   0.248296
    916.9356   0.212384
    916.9778   0.175959
    917.0200   0.140837
    917.0622   0.108765
    917.1044   0.081180
    917.1467   0.059068
    917.1889   0.042898
    917.2311   0.032648
    917.2733   0.027871
    917.3155   0.027798
    917.3578   0.031415
    917.4000   0.037495
    917.4422   0.044642
    917.4845   0.051415
    917.5267   0.056496
    917.5689   0.058879
    917.6112   0.058066
    917.6534   0.054179
    917.6956   0.047901
    917.7379   0.040274
    917.7801   0.032446
    917.8224   0.025437
    917.8646   0.019975
    917.9069   0.016491
    917.9491   0.015123
    917.9914   0.015670
    918.0336   0.017653
    918.0759   0.020402
    918.1182   0.023307
    918.1604   0.025988
    918.2027   0.028348
    918.2450   0.030775
    918.2872   0.034266
    918.3295   0.040380
    918.3718   0.051001
    918.4140   0.068007
    918.4563   0.092895
    918.4986   0.126435
    918.5409   0.168437
    918.5832   0.217699
    918.6254   0.272210
    918.6677   0.329481
    918.7100   0.386924
    918.7523   0.442205
    918.7946   0.493479
    918.8369   0.539592
    918.8792   0.580110
    918.9215   0.615124
    918.9638   0.645070
    919.0061   0.670501
    919.0484   0.692040
    919.0907   0.710388
    919.1330   0.726166
    919.1753   0.739873
    919.2176   0.751892
    919.2599   0.762519
    919.3022   0.771985
    919.3446   0.780471
    919.3869   0.788123
    919.4292   0.795055
    919.4715   0.801364
    919.5139   0.807128
    919.5562   0.812412
    919.5985   0.817272
    919.6408   0.821753
    919.6832   0.825894
    919.7255   0.829731
    919.7678   0.833292
    919.8102   0.836603
    919.8525   0.839685
    919.8949   0.842558
    919.9372   0.845239
    919.9796   0.847743
    920.0219   0.850084
    920.0643   0.852272
    920.1066   0.854319
    920.1490   0.856235
    920.1913   0.858027
    920.2337   0.859703
    920.2760   0.861270
    920.3184   0.862734
    920.3608   0.864100
    920.4031   0.865374
    920.4455   0.866560
    920.4879   0.867661
    920.5302   0.868683
    920.5726   0.869627
    920.6150   0.870497
    920.6574   0.871295
    920.6997   0.872024
    920.7421   0.872686
    920.7845   0.873283
    920.8269   0.873816
    920.8693   0.874288
    920.9117   0.874698
    920.9541   0.875048
    920.9965   0.875338
    921.0389   0.875571
    921.0812   0.875745
    921.1236   0.875862
    921.1660   0.875921
    921.2085   0.875922
    921.2509   0.875865
    921.2933   0.875750
    921.3357   0.875576
    921.3781   0.875343
    921.4205   0.875049
    921.4629   0.874693
    921.5053   0.874273
    921.5477   0.873789
    921.5902   0.873239
    921.6326   0.872620
    921.6750   0.871929
    921.7174   0.871165
    921.7599   0.870324
    921.8023   0.869403
    921.8447   0.868398
    921.8872   0.867305
    921.9296   0.866120
    921.9720   0.864836
    922.0145   0.863449
    922.0569   0.861953
    922.0994   0.860339
    922.1418   0.858600
    922.1843   0.856727
    922.2267   0.854711
    922.2692   0.852540
    922.3116   0.850201
    922.3541   0.847681
    922.3965   0.844964
    922.4390   0.842031
    922.4814   0.838863
    922.5239   0.835437
    922.5664   0.831725
    922.6088   0.827698
    922.6513   0.823320
    922.6938   0.818552
    922.7363   0.813347
    922.7787   0.807649
    922.8212   0.801396
    922.8637   0.794512
    922.9062   0.786907
    922.9487   0.778475
    922.9911   0.769089
    923.0336   0.758595
    923.0761   0.746809
    923.1186   0.733504
    923.1611   0.718407
    923.2036   0.701187
    923.2461   0.681446
    923.2886   0.658725
    923.3311   0.632517
    923.3736   0.602331
    923.4161   0.567781
    923.4586   0.528641
    923.5011   0.484905
    923.5436   0.436930
    923.5861   0.385530
    923.6286   0.332008
    923.6712   0.278091
    923.7137   0.225795
    923.7562   0.177214
    923.7987   0.134217
    923.8413   0.098187
    923.8838   0.069886
    923.9263   0.049433
    923.9688   0.036382
    924.0114   0.029860
    924.0539   0.028717
    924.0964   0.031621
    924.1390   0.037089
    924.1815   0.043567
    924.2241   0.049547
    924.2666   0.053728
    924.3091   0.055196
    924.3517   0.053597
    924.3942   0.049221
    924.4368   0.042861
    924.4793   0.035595
    924.5219   0.028534
    924.5645   0.022623
    924.6070   0.018498
    924.6496   0.016482
    924.6921   0.016606
    924.7347   0.018562
    924.7773   0.021763
    924.8198   0.025429
    924.8624   0.028743
    924.9050   0.031144
    924.9476   0.032433
    924.9901   0.032895
    925.0327   0.033420
    925.0753   0.035433
    925.1179   0.040718
    925.1605   0.051153
    925.2031   0.068397
    925.2456   0.093584
    925.2882   0.127065
    925.3308   0.168296
    925.3734   0.215910
    925.4160   0.267884
    925.4586   0.321826
    925.5012   0.375314
    925.5438   0.426196
    925.5864   0.472880
    925.6290   0.514456
    925.6716   0.550599
    925.7143   0.581439
    925.7569   0.607392
    925.7995   0.628969
    925.8421   0.646789
    925.8847   0.661499
    925.9273   0.673666
    925.9700   0.683749
    926.0126   0.692107
    926.0552   0.699023
    926.0978   0.704717
    926.1405   0.709365
    926.1831   0.713106
    926.2257   0.716051
    926.2684   0.718293
    926.3110   0.719906
    926.3536   0.720950
    926.3963   0.721475
    926.4389   0.721524
    926.4816   0.721130
    926.5242   0.720322
    926.5669   0.719123
    926.6095   0.717552
    926.6522   0.715624
    926.6948   0.713352
    926.7375   0.710746
    926.7801   0.707812
    926.8228   0.704555
    926.8655   0.700978
    926.9081   0.697083
    926.9508   0.692870
    926.9935   0.688336
    927.0361   0.683477
    927.0788   0.678291
    927.1215   0.672770
    927.1642   0.666907
    927.2069   0.660694
    927.2495   0.654122
    927.2922   0.647180
    927.3349   0.639856
    927.3776   0.632137
    927.4203   0.624009
    927.4630   0.615457
    927.5057   0.606465
    927.5484   0.597016
    927.5911   0.587091
    927.6338   0.576672
    927.6765   0.565738
    927.7192   0.554270
    927.7619   0.542246
    927.8046   0.529644
    927.8473   0.516444
    927.8900   0.502624
    927.9327   0.488163
    927.9754   0.473044
    928.0181   0.457248
    928.0608   0.440763
    928.1036   0.423578
    928.1463   0.405688
    928.1890   0.387097
    928.2317   0.367817
    928.2745   0.347869
    928.3172   0.327293
    928.3599   0.306141
    928.4027   0.284490
    928.4454   0.262436
    928.4881   0.240107
    928.5309   0.217656
    928.5736   0.195269
    928.6164   0.173160
    928.6591   0.151571
    928.7019   0.130762
    928.7446   0.111000
    928.7874   0.092548
    928.8301   0.075646
    928.8729   0.060490
    928.9156   0.047220
    928.9584   0.035902
    929.0011   0.026523
    929.0439   0.018990
    929.0867   0.013140
    929.1294   0.008761
    929.1722   0.005608
    929.2150   0.003432
    929.2578   0.001997
    929.3005   0.001098
    929.3433   0.000564
    929.3861   0.000267
    929.4289   0.000115
    929.4717   0.000043
    929.5144   0.000014
    929.5572   0.000003
    929.6000   0.000001
    929.6428   0.000000
    929.6856   0.000001
    929.7284   0.000002
    929.7712   0.000003
    929.8140   0.000005
    929.8568   0.000008
    929.8996   0.000012
    929.9424   0.000016
    929.9852   0.000021
    930.0280   0.000025
    930.0708   0.000029
    930.1136   0.000032
    930.1565   0.000032
    930.1993   0.000031
    930.2421   0.000027
    930.2849   0.000023
    930.3277   0.000018
    930.3706   0.000014
    930.4134   0.000010
    930.4562   0.000006
    930.4990   0.000004
    930.5419   0.000002
    930.5847   0.000001
    930.6276   0.000000
    930.6704   0.000000
    930.7132   0.000000
    930.7561   0.000000
    930.7989   0.000000
    930.8418   0.000002
    930.8846   0.000011
    930.9275   0.000035
    930.9703   0.000082
    931.0132   0.000159
    931.0560   0.000274
    931.0989   0.000437
    931.1417   0.000652
    931.1846   0.000916
    931.2275   0.001210
    931.2703   0.001503
    931.3132   0.001758
    931.3561   0.001934
    931.3989   0.002002
    931.4418   0.001950
    931.4847   0.001788
    931.5276   0.001551
    931.5705   0.001294
    931.6133   0.001076
    931.6562   0.000938
    931.6991   0.000909
    931.7420   0.001019
    931.7849   0.001278
    931.8278   0.001672
    931.8707   0.002160
    931.9136   0.002680
    931.9565   0.003158
    931.9994   0.003590
    932.0423   0.004077
    932.0852   0.004839
    932.1281   0.006256
    932.1710   0.008898
    932.2139   0.013521
    932.2568   0.021012
    932.2997   0.032289
    932.3426   0.048161
    932.3855   0.069165
    932.4285   0.095431
    932.4714   0.126612
    932.5143   0.161900
    932.5572   0.200128
    932.6002   0.239933
    932.6431   0.279939
    932.6860   0.318948
    932.7290   0.356049
    932.7719   0.390655
    932.8148   0.422478
    932.8578   0.451466
    932.9007   0.477708
    932.9437   0.501400
    932.9866   0.522816
    933.0295   0.542243
    933.0725   0.559945
    933.1154   0.576149
    933.1584   0.591044
    933.2014   0.604793
    933.2443   0.617527
    933.2873   0.629361
    933.3302   0.640390
    933.3732   0.650696
    933.4162   0.660348
    933.4591   0.669408
    933.5021   0.677928
    933.5451   0.685953
    933.5880   0.693525
    933.6310   0.700679
    933.6740   0.707446
    933.7170   0.713856
    933.7600   0.719933
    933.8029   0.725700
    933.8459   0.731178
    933.8889   0.736385
    933.9319   0.741338
    933.9749   0.746052
    934.0179   0.750541
    934.0609   0.754818
    934.1039   0.758894
    934.1469   0.762781
    934.1899   0.766487
    934.2329   0.770022
    934.2759   0.773395
    934.3189   0.776612
    934.3619   0.779681
    934.4049   0.782608
    934.4479   0.785400
    934.4909   0.788061
    934.5339   0.790598
    934.5770   0.793015
    934.6200   0.795315
    934.6630   0.797504
    934.7060   0.799586
    934.7491   0.801562
    934.7921   0.803438
    934.8351   0.805215
    934.8781   0.806896
    934.9212   0.808484
    934.9642   0.809981
    935.0073   0.811389
    935.0503   0.812710
    935.0933   0.813945
    935.1364   0.815096
    935.1794   0.816164
    935.2225   0.817150
    935.2655   0.818056
    935.3086   0.818880
    935.3516   0.819625
    935.3947   0.820291
    935.4377   0.820877
    935.4808   0.821384
    935.5239   0.821811
    935.5669   0.822158
    935.6100   0.822424
    935.6531   0.822609
    935.6961   0.822712
    935.7392   0.822730
    935.7823   0.822664
    935.8254   0.822511
    935.8684   0.822268
    935.9115   0.821935
    935.9546   0.821507
    935.9977   0.820983
    936.0408   0.820359
    936.0838   0.819632
    936.1269   0.818797
    936.1700   0.817850
    936.2131   0.816786
    936.2562   0.815600
    936.2993   0.814285
    936.3424   0.812835
    936.3855   0.811242
    936.4286   0.809498
    936.4717   0.807595
    936.5148   0.805522
    936.5579   0.803267
    936.6011   0.800819
    936.6442   0.798164
    936.6873   0.795286
    936.7304   0.792169
    936.7735   0.788792
    936.8166   0.785136
    936.8598   0.781175
    936.9029   0.776884
    936.9460   0.772232
    936.9891   0.767183
    937.0323   0.761701
    937.0754   0.755741
    937.1185   0.749252
    937.1617   0.742178
    937.2048   0.734453
    937.2480   0.726002
    937.2911   0.716738
    937.3343   0.706562
    937.3774   0.695358
    937.4206   0.682993
    937.4637   0.669313
    937.5069   0.654138
    937.5500   0.637264
    937.5932   0.618460
    937.6363   0.597465
    937.6795   0.574002
    937.7227   0.547787
    937.7658   0.518570
    937.8090   0.486175
    937.8522   0.450562
    937.8953   0.411873
    937.9385   0.370471
    937.9817   0.327004
    938.0248   0.282420
    938.0680   0.237931
    938.1112   0.194914
    938.1544   0.154765
    938.1976   0.118722
    938.2408   0.087712
    938.2840   0.062240
    938.3271   0.042347
    938.3703   0.027653
    938.4135   0.017475
    938.4567   0.010985
    938.4999   0.007337
    938.5431   0.005760
    938.5863   0.005577
    938.6295   0.006219
    938.6727   0.007208
    938.7160   0.008151
    938.7592   0.008756
    938.8024   0.008861
    938.8456   0.008437
    938.8888   0.007564
    938.9320   0.006415
    938.9752   0.005207
    939.0185   0.004150
    939.0617   0.003403
    939.1049   0.003063
    939.1481   0.003186
    939.1914   0.003773
    939.2346   0.004761
    939.2778   0.006023
    939.3211   0.007372
    939.3643   0.008575
    939.4076   0.009416
    939.4508   0.009822
    939.4941   0.009930
    939.5373   0.010094
    939.5805   0.010898
    939.6238   0.013158
    939.6670   0.017893
    939.7103   0.026237
    939.7536   0.039323
    939.7968   0.058115
    939.8401   0.083229
    939.8833   0.114785
    939.9266   0.152331
    939.9699   0.194832
    940.0131   0.240790
    940.0564   0.288434
    940.0997   0.335996
    940.1430   0.381938
    940.1862   0.425083
    940.2295   0.464670
    940.2728   0.500338
    940.3161   0.532045
    940.3594   0.559944
    940.4026   0.584333
    940.4459   0.605612
    940.4892   0.624199
    940.5325   0.640481
    940.5758   0.654795
    940.6191   0.667422
    940.6624   0.678601
    940.7057   0.688526
    940.7490   0.697360
    940.7923   0.705241
    940.8356   0.712282
    940.8789   0.718581
    940.9222   0.724218
    940.9656   0.729265
    941.0089   0.733781
    941.0522   0.737816
    941.0955   0.741417
    941.1388   0.744622
    941.1821   0.747464
    941.2255   0.749973
    941.2688   0.752175
    941.3121   0.754092
    941.3555   0.755745
    941.3988   0.757151
    941.4421   0.758326
    941.4855   0.759283
    941.5288   0.760036
    941.5721   0.760595
    941.6155   0.760969
    941.6588   0.761168
    941.7022   0.761198
    941.7455   0.761067
    941.7889   0.760781
    941.8322   0.760344
    941.8756   0.759762
    941.9189   0.759038
    941.9623   0.758176
    942.0057   0.757179
    942.0490   0.756049
    942.0924   0.754788
    942.1357   0.753398
    942.1791   0.751880
    942.2225   0.750236
    942.2659   0.748465
    942.3092   0.746569
    942.3526   0.744546
    942.3960   0.742398
    942.4394   0.740123
    942.4827   0.737720
    942.5261   0.735189
    942.5695   0.732528
    942.6129   0.729736
    942.6563   0.726810
    942.6997   0.723749
    942.7431   0.720550
    942.7865   0.717211
    942.8299   0.713729
    942.8733   0.710100
    942.9167   0.706323
    942.9601   0.702392
    943.0035   0.698305
    943.0469   0.694057
    943.0903   0.689644
    943.1337   0.685061
    943.1771   0.680304
    943.2205   0.675368
    943.2640   0.670247
    943.3074   0.664935
    943.3508   0.659427
    943.3942   0.653716
    943.4377   0.647796
    943.4811   0.641661
    943.5245   0.635302
    943.5679   0.628713
    943.6114   0.621886
    943.6548   0.614812
    943.6983   0.607484
    943.7417   0.599894
    943.7851   0.592031
    943.8286   0.583888
    943.8720   0.575454
    943.9155   0.566721
    943.9589   0.557678
    944.0024   0.548315
    944.0458   0.538623
    944.0893   0.528592
    944.1327   0.518211
    944.1762   0.507471
    944.2197   0.496362
    944.2631   0.484876
    944.3066   0.473002
    944.3501   0.460735
    944.3935   0.448066
    944.4370   0.434990
    944.4805   0.421502
    944.5240   0.407602
    944.5674   0.393288
    944.6109   0.378563
    944.6544   0.363434
    944.6979   0.347912
    944.7414   0.332010
    944.7849   0.315750
    944.8284   0.299158
    944.8718   0.282268
    944.9153   0.265123
    944.9588   0.247775
    945.0023   0.230285
    945.0458   0.212728
    945.0893   0.195187
    945.1328   0.177761
    945.1763   0.160559
    945.2199   0.143702
    945.2634   0.127319
    945.3069   0.111548
    945.3504   0.096529
    945.3939   0.082398
    945.4374   0.069285
    945.4809   0.057301
    945.5245   0.046535
    945.5680   0.037045
    945.6115   0.028854
    945.6550   0.021946
    945.6986   0.016265
    945.7421   0.011721
    945.7856   0.008191
    945.8292   0.005538
    945.8727   0.003610
    945.9163   0.002262
    945.9598   0.001357
    946.0033   0.000775
    946.0469   0.000418
    946.0904   0.000212
    946.1340   0.000099
    946.1775   0.000042
    946.2211   0.000016
    946.2647   0.000005
    946.3082   0.000001
    946.3518   0.000000
    946.3953   0.000000
    946.4389   0.000000
    946.4825   0.000000
    946.5260   0.000000
    946.5696   0.000000
    946.6132   0.000000
    946.6567   0.000000
    946.7003   0.000000
    946.7439   0.000000
    946.7875   0.000000
    946.8311   0.000000
    946.8747   0.000000
    946.9182   0.000000
    946.9618   0.000000
    947.0054   0.000000
    947.0490   0.000000
    947.0926   0.000000
    947.1362   0.000000
    947.1798   0.000000
    947.2234   0.000000
    947.2670   0.000000
    947.3106   0.000000
    947.3542   0.000000
    947.3978   0.000000
    947.4414   0.000001
    947.4850   0.000006
    947.5287   0.000018
    947.5723   0.000050
    947.6159   0.000119
    947.6595   0.000259
    947.7031   0.000516
    947.7468   0.000960
    947.7904   0.001685
    947.8340   0.002811
    947.8776   0.004480
    947.9213   0.006855
    947.9649   0.010104
    948.0085   0.014393
    948.0522   0.019867
    948.0958   0.026642
    948.1395   0.034795
    948.1831   0.044353
    948.2268   0.055298
    948.2704   0.067567
    948.3141   0.081058
    948.3577   0.095641
    948.4014   0.111167
    948.4450   0.127478
    948.4887   0.144410
    948.5323   0.161808
    948.5760   0.179524
    948.6197   0.197425
    948.6633   0.215392
    948.7070   0.233319
    948.7507   0.251118
    948.7944   0.268713
    948.8380   0.286044
    948.8817   0.303059
    948.9254   0.319718
    948.9691   0.335991
    949.0127   0.351855
    949.0564   0.367292
    949.1001   0.382292
    949.1438   0.396848
    949.1875   0.410958
    949.2312   0.424622
    949.2749   0.437844
    949.3186   0.450629
    949.3623   0.462983
    949.4060   0.474916
    949.4497   0.486436
    949.4934   0.497553
    949.5371   0.508278
    949.5808   0.518622
    949.6245   0.528595
    949.6682   0.538210
    949.7119   0.547476
    949.7557   0.556405
    949.7994   0.565008
    949.8431   0.573295
    949.8868   0.581277
    949.9305   0.588964
    949.9743   0.596366
    950.0180   0.603492
    950.0617   0.610351
    950.1055   0.616953
    950.1492   0.623305
    950.1929   0.629415
    950.2367   0.635292
    950.2804   0.640944
    950.3242   0.646376
    950.3679   0.651596
    950.4117   0.656610
    950.4554   0.661425
    950.4992   0.666045
    950.5429   0.670478
    950.5867   0.674727
    950.6304   0.678798
    950.6742   0.682695
    950.7179   0.686423
    950.7617   0.689986
    950.8055   0.693387
    950.8492   0.696630
    950.8930   0.699718
    950.9368   0.702654
    950.9806   0.705442
    951.0243   0.708082
    951.0681   0.710578
    951.1119   0.712932
    951.1557   0.715145
    951.1995   0.717218
    951.2432   0.719154
    951.2870   0.720951
    951.3308   0.722613
    951.3746   0.724138
    951.4184   0.725527
    951.4622   0.726780
    951.5060   0.727896
    951.5498   0.728874
    951.5936   0.729714
    951.6374   0.730414
    951.6812   0.730972
    951.7250   0.731386
    951.7688   0.731653
    951.8126   0.731771
    951.8564   0.731736
    951.9003   0.731545
    951.9441   0.731193
    951.9879   0.730675
    952.0317   0.729986
    952.0755   0.729119
    952.1194   0.728068
    952.1632   0.726826
    952.2070   0.725383
    952.2509   0.723732
    952.2947   0.721861
    952.3385   0.719759
    952.3824   0.717415
    952.4262   0.714814
    952.4700   0.711941
    952.5139   0.708780
    952.5577   0.705311
    952.6016   0.701515
    952.6454   0.697369
    952.6893   0.692848
    952.7331   0.687924
    952.7770   0.682566
    952.8209   0.676739
    952.8647   0.670407
    952.9086   0.663525
    952.9524   0.656047
    952.9963   0.647920
    953.0402   0.639086
    953.0840   0.629478
    953.1279   0.619023
    953.1718   0.607639
    953.2157   0.595237
    953.2595   0.581716
    953.3034   0.566965
    953.3473   0.550865
    953.3912   0.533287
    953.4351   0.514095
    953.4790   0.493151
    953.5229   0.470326
    953.5668   0.445508
    953.6106   0.418624
    953.6545   0.389666
    953.6984   0.358725
    953.7423   0.326013
    953.7862   0.291889
    953.8301   0.256868
    953.8741   0.221627
    953.9180   0.186981
    953.9619   0.153819
    954.0058   0.123026
    954.0497   0.095381
    954.0936   0.071461
    954.1375   0.051575
    954.1815   0.035738
    954.2254   0.023688
    954.2693   0.014957
    954.3132   0.008952
    954.3572   0.005051
    954.4011   0.002676
    954.4450   0.001343
    954.4890   0.000678
    954.5329   0.000407
    954.5768   0.000346
    954.6208   0.000374
    954.6647   0.000419
    954.7087   0.000448
    954.7526   0.000449
    954.7966   0.000422
    954.8405   0.000372
    954.8845   0.000311
    954.9284   0.000258
    954.9724   0.000231
    955.0163   0.000242
    955.0603   0.000301
    955.1043   0.000417
    955.1482   0.000599
    955.1922   0.000843
    955.2362   0.001136
    955.2801   0.001448
    955.3241   0.001736
    955.3681   0.001956
    955.4121   0.002069
    955.4560   0.002075
    955.5000   0.002048
    955.5440   0.002153
    955.5880   0.002649
    955.6320   0.003909
    955.6760   0.006437
    955.7200   0.010869
    955.7640   0.017948
    955.8079   0.028458
    955.8519   0.043123
    955.8959   0.062483
    955.9399   0.086776
    955.9840   0.115845
    956.0280   0.149120
    956.0720   0.185685
    956.1160   0.224395
    956.1600   0.264033
    956.2040   0.303447
    956.2480   0.341671
    956.2920   0.377978
    956.3361   0.411902
    956.3801   0.443197
    956.4241   0.471792
    956.4681   0.497751
    956.5122   0.521239
    956.5562   0.542470
    956.6002   0.561669
    956.6442   0.579057
    956.6883   0.594831
    956.7323   0.609173
    956.7764   0.622239
    956.8204   0.634168
    956.8644   0.645081
    956.9085   0.655083
    956.9525   0.664266
    956.9966   0.672710
    957.0406   0.680486
    957.0847   0.687656
    957.1288   0.694273
    957.1728   0.700387
    957.2169   0.706041
    957.2609   0.711271
    957.3050   0.716112
    957.3491   0.720594
    957.3931   0.724744
    957.4372   0.728586
    957.4813   0.732142
    957.5254   0.735432
    957.5694   0.738473
    957.6135   0.741281
    957.6576   0.743872
    957.7017   0.746257
    957.7458   0.748450
    957.7898   0.750460
    957.8339   0.752299
    957.8780   0.753974
    957.9221   0.755494
    957.9662   0.756868
    958.0103   0.758100
    958.0544   0.759199
    958.0985   0.760169
    958.1426   0.761017
    958.1867   0.761745
    958.2308   0.762360
    958.2749   0.762866
    958.3190   0.763265
    958.3632   0.763561
    958.4073   0.763757
    958.4514   0.763856
    958.4955   0.763860
    958.5396   0.763773
    958.5838   0.763594
    958.6279   0.763328
    958.6720   0.762974
    958.7161   0.762535
    958.7603   0.762012
    958.8044   0.761405
    958.8485   0.760716
    958.8927   0.759946
    958.9368   0.759094
    958.9810   0.758163
    959.0251   0.757150
    959.0692   0.756058
    959.1134   0.754886
    959.1575   0.753634
    959.2017   0.752302
    959.2458   0.750889
    959.2900   0.749395
    959.3342   0.747819
    959.3783   0.746161
    959.4225   0.744420
    959.4666   0.742595
    959.5108   0.740685
    959.5550   0.738688
    959.5992   0.736603
    959.6433   0.734430
    959.6875   0.732165
    959.7317   0.729808
    959.7759   0.727357
    959.8200   0.724810
    959.8642   0.722164
    959.9084   0.719417
    959.9526   0.716567
    959.9968   0.713611
    960.0410   0.710547
    960.0852   0.707371
    960.1294   0.704080
    960.1735   0.700671
    960.2177   0.697140
    960.2619   0.693483
    960.3062   0.689697
    960.3504   0.685777
    960.3946   0.681718
    960.4388   0.677516
    960.4830   0.673165
    960.5272   0.668660
    960.5714   0.663996
    960.6156   0.659166
    960.6598   0.654162
    960.7041   0.648980
    960.7483   0.643610
    960.7925   0.638045
    960.8367   0.632277
    960.8810   0.626296
    960.9252   0.620092
    960.9694   0.613656
    961.0137   0.606976
    961.0579   0.600040
    961.1021   0.592836
    961.1464   0.585350
    961.1906   0.577566
    961.2349   0.569469
    961.2791   0.561042
    961.3234   0.552266
    961.3676   0.543120
    961.4119   0.533584
    961.4561   0.523633
    961.5004   0.513243
    961.5447   0.502384
    961.5889   0.491028
    961.6332   0.479141
    961.6774   0.466688
    961.7217   0.453631
    961.7660   0.439929
    961.8103   0.425539
    961.8545   0.410413
    961.8988   0.394505
    961.9431   0.377765
    961.9874   0.360146
    962.0316   0.341606
    962.0759   0.322112
    962.1202   0.301649
    962.1645   0.280228
    962.2088   0.257905
    962.2531   0.234789
    962.2974   0.211062
    962.3417   0.186981
    962.3860   0.162886
    962.4303   0.139193
    962.4746   0.116378
    962.5189   0.094939
    962.5632   0.075353
    962.6075   0.058015
    962.6518   0.043195
    962.6961   0.031003
    962.7404   0.021378
    962.7847   0.014109
    962.8291   0.008874
    962.8734   0.005291
    962.9177   0.002971
    962.9620   0.001559
    963.0064   0.000764
    963.0507   0.000359
    963.0950   0.000184
    963.1394   0.000131
    963.1837   0.000131
    963.2280   0.000145
    963.2724   0.000154
    963.3167   0.000154
    963.3611   0.000145
    963.4054   0.000128
    963.4497   0.000107
    963.4941   0.000087
    963.5384   0.000070
    963.5828   0.000060
    963.6272   0.000058
    963.6715   0.000065
    963.7159   0.000080
    963.7602   0.000100
    963.8046   0.000123
    963.8490   0.000146
    963.8933   0.000164
    963.9377   0.000172
    963.9821   0.000171
    964.0264   0.000160
    964.0708   0.000140
    964.1152   0.000115
    964.1596   0.000090
    964.2040   0.000065
    964.2483   0.000045
    964.2927   0.000029
    964.3371   0.000017
    964.3815   0.000009
    964.4259   0.000004
    964.4703   0.000002
    964.5147   0.000000
    964.5591   0.000000
    964.6035   0.000000
    964.6479   0.000000
    964.6923   0.000000
    964.7367   0.000000
    964.7811   0.000000
    964.8255   0.000000
    964.8699   0.000000
    964.9144   0.000000
    964.9588   0.000000
    965.0032   0.000000
    965.0476   0.000000
    965.0920   0.000000
    965.1365   0.000000
    965.1809   0.000000
    965.2253   0.000000
    965.2697   0.000000
    965.3142   0.000000
    965.3586   0.000000
    965.4030   0.000000
    965.4475   0.000000
    965.4919   0.000000
    965.5364   0.000000
    965.5808   0.000000
    965.6253   0.000000
    965.6697   0.000000
    965.7142   0.000000
    965.7586   0.000000
    965.8031   0.000000
    965.8475   0.000000
    965.8920   0.000000
    965.9365   0.000000
    965.9809   0.000000
    966.0254   0.000000
    966.0699   0.000000
    966.1143   0.000001
    966.1588   0.000002
    966.2033   0.000008
    966.2477   0.000024
    966.2922   0.000060
    966.3367   0.000135
    966.3812   0.000279
    966.4257   0.000535
    966.4702   0.000965
    966.5146   0.001649
    966.5591   0.002689
    966.6036   0.004201
    966.6481   0.006316
    966.6926   0.009167
    966.7371   0.012883
    966.7816   0.017575
    966.8261   0.023331
    966.8706   0.030205
    966.9151   0.038219
    966.9596   0.047356
    967.0042   0.057569
    967.0487   0.068781
    967.0932   0.080895
    967.1377   0.093797
    967.1822   0.107368
    967.2267   0.121485
    967.2713   0.136027
    967.3158   0.150881
    967.3603   0.165941
    967.4048   0.181110
    967.4494   0.196305
    967.4939   0.211451
    967.5384   0.226484
    967.5830   0.241348
    967.6275   0.255998
    967.6721   0.270396
    967.7166   0.284510
    967.7612   0.298316
    967.8057   0.311794
    967.8503   0.324928
    967.8948   0.337708
    967.9394   0.350125
    967.9839   0.362174
    968.0285   0.373852
    968.0730   0.385160
    968.1176   0.396096
    968.1622   0.406664
    968.2067   0.416866
    968.2513   0.426707
    968.2959   0.436190
    968.3404   0.445321
    968.3850   0.454105
    968.4296   0.462549
    968.4742   0.470656
    968.5187   0.478433
    968.5633   0.485887
    968.6079   0.493021
    968.6525   0.499842
    968.6971   0.506354
    968.7417   0.512563
    968.7863   0.518472
    968.8309   0.524088
    968.8755   0.529412
    968.9201   0.534449
    968.9647   0.539201
    969.0093   0.543672
    969.0539   0.547864
    969.0985   0.551778
    969.1431   0.555416
    969.1877   0.558778
    969.2323   0.561865
    969.2769   0.564676
    969.3215   0.567211
    969.3662   0.569467
    969.4108   0.571443
    969.4554   0.573136
    969.5000   0.574541
    969.5447   0.575656
    969.5893   0.576473
    969.6339   0.576988
    969.6786   0.577194
    969.7232   0.577081
    969.7678   0.576642
    969.8125   0.575866
    969.8571   0.574741
    969.9018   0.573255
    969.9464   0.571393
    969.9911   0.569140
    970.0357   0.566479
    970.0804   0.563389
    970.1250   0.559850
    970.1697   0.555839
    970.2143   0.551329
    970.2590   0.546293
    970.3037   0.540700
    970.3483   0.534517
    970.3930   0.527706
    970.4377   0.520228
    970.4823   0.512040
    970.5270   0.503095
    970.5717   0.493341
    970.6164   0.482727
    970.6610   0.471194
    970.7057   0.458683
    970.7504   0.445132
    970.7951   0.430478
    970.8398   0.414662
    970.8845   0.397626
    970.9291   0.379324
    970.9738   0.359723
    971.0185   0.338814
    971.0632   0.316621
    971.1079   0.293214
    971.1526   0.268724
    971.1973   0.243351
    971.2420   0.217380
    971.2868   0.191175
    971.3315   0.165181
    971.3762   0.139898
    971.4209   0.115859
    971.4656   0.093585
    971.5103   0.073533
    971.5550   0.056048
    971.5998   0.041321
    971.6445   0.029378
    971.6892   0.020076
    971.7340   0.013137
    971.7787   0.008196
    971.8234   0.004846
    971.8681   0.002694
    971.9129   0.001392
    971.9576   0.000656
    972.0024   0.000275
    972.0471   0.000098
    972.0919   0.000028
    972.1366   0.000008
    972.1814   0.000004
    972.2261   0.000004
    972.2709   0.000004
    972.3156   0.000004
    972.3604   0.000004
    972.4051   0.000004
    972.4499   0.000003
    972.4947   0.000003
    972.5394   0.000006
    972.5842   0.000012
    972.6290   0.000024
    972.6737   0.000041
    972.7185   0.000067
    972.7633   0.000101
    972.8081   0.000144
    972.8528   0.000193
    972.8976   0.000243
    972.9424   0.000287
    972.9872   0.000318
    973.0320   0.000331
    973.0768   0.000323
    973.1216   0.000305
    973.1664   0.000313
    973.2112   0.000423
    973.2560   0.000761
    973.3008   0.001521
    973.3456   0.002979
    973.3904   0.005511
    973.4352   0.009588
    973.4800   0.015756
    973.5248   0.024580
    973.5696   0.036572
    973.6144   0.052103
    973.6592   0.071333
    973.7041   0.094159
    973.7489   0.120219
    973.7937   0.148927
    973.8385   0.179549
    973.8833   0.211290
    973.9282   0.243384
    973.9730   0.275156
    974.0178   0.306065
    974.0627   0.335714
    974.1075   0.363837
    974.1524   0.390288
    974.1972   0.415018
    974.2420   0.438051
    974.2869   0.459457
    974.3317   0.479329
    974.3766   0.497773
    974.4214   0.514898
    974.4663   0.530808
    974.5112   0.545602
    974.5560   0.559374
    974.6009   0.572207
    974.6457   0.584180
    974.6906   0.595362
    974.7355   0.605818
    974.7803   0.615605
    974.8252   0.624776
    974.8701   0.633377
    974.9150   0.641451
    974.9598   0.649038
    975.0047   0.656172
    975.0496   0.662886
    975.0945   0.669208
    975.1394   0.675164
    975.1842   0.680780
    975.2291   0.686077
    975.2740   0.691075
    975.3189   0.695793
    975.3638   0.700248
    975.4087   0.704454
    975.4536   0.708428
    975.4985   0.712180
    975.5434   0.715725
    975.5883   0.719072
    975.6332   0.722232
    975.6781   0.725214
    975.7231   0.728028
    975.7680   0.730682
    975.8129   0.733182
    975.8578   0.735536
    975.9027   0.737751
    975.9476   0.739832
    975.9926   0.741785
    976.0375   0.743615
    976.0824   0.745327
    976.1274   0.746925
    976.1723   0.748413
    976.2172   0.749796
    976.2622   0.751076
    976.3071   0.752257
    976.3520   0.753342
    976.3970   0.754333
    976.4419   0.755235
    976.4869   0.756047
    976.5318   0.756774
    976.5768   0.757417
    976.6217   0.757977
    976.6667   0.758456
    976.7117   0.758857
    976.7566   0.759180
    976.8016   0.759426
    976.8465   0.759597
    976.8915   0.759694
    976.9365   0.759717
    976.9814   0.759667
    977.0264   0.759545
    977.0714   0.759351
    977.1164   0.759085
    977.1613   0.758748
    977.2063   0.758341
    977.2513   0.757862
    977.2963   0.757312
    977.3413   0.756691
    977.3863   0.755998
    977.4313   0.755233
    977.4762   0.754396
    977.5212   0.753486
    977.5662   0.752502
    977.6112   0.751443
    977.6562   0.750309
    977.7012   0.749098
    977.7463   0.747809
    977.7913   0.746441
    977.8363   0.744993
    977.8813   0.743462
    977.9263   0.741847
    977.9713   0.740147
    978.0163   0.738358
    978.0613   0.736480
    978.1064   0.734510
    978.1514   0.732444
    978.1964   0.730281
    978.2414   0.728018
    978.2865   0.725651
    978.3315   0.723177
    978.3765   0.720593
    978.4216   0.717895
    978.4666   0.715079
    978.5117   0.712140
    978.5567   0.709074
    978.6017   0.705876
    978.6468   0.702541
    978.6918   0.699063
    978.7369   0.695436
    978.7819   0.691654
    978.8270   0.687710
    978.8721   0.683596
    978.9171   0.679305
    978.9622   0.674828
    979.0072   0.670157
    979.0523   0.665281
    979.0974   0.660191
    979.1424   0.654875
    979.1875   0.649322
    979.2326   0.643518
    979.2777   0.637451
    979.3227   0.631106
    979.3678   0.624466
    979.4129   0.617515
    979.4580   0.610235
    979.5031   0.602606
    979.5482   0.594607
    979.5933   0.586216
    979.6383   0.577408
    979.6834   0.568157
    979.7285   0.558436
    979.7736   0.548215
    979.8187   0.537461
    979.8638   0.526141
    979.9089   0.514218
    979.9541   0.501655
    979.9992   0.488412
    980.0443   0.474447
    980.0894   0.459718
    980.1345   0.444182
    980.1796   0.427798
    980.2247   0.410527
    980.2699   0.392333
    980.3150   0.373190
    980.3601   0.353085
    980.4052   0.332020
    980.4504   0.310023
    980.4955   0.287157
    980.5406   0.263526
    980.5858   0.239285
    980.6309   0.214654
    980.6760   0.189911
    980.7212   0.165399
    980.7663   0.141511
    980.8115   0.118673
    980.8566   0.097315
    980.9018   0.077837
    980.9469   0.060566
    980.9921   0.045721
    981.0372   0.033390
    981.0824   0.023518
    981.1276   0.015923
    981.1727   0.010324
    981.2179   0.006381
    981.2631   0.003737
    981.3082   0.002057
    981.3534   0.001052
    981.3986   0.000490
    981.4438   0.000202
    981.4889   0.000070
    981.5341   0.000019
    981.5793   0.000004
    981.6245   0.000001
    981.6697   0.000001
    981.7148   0.000001
    981.7600   0.000001
    981.8052   0.000001
    981.8504   0.000001
    981.8956   0.000001
    981.9408   0.000001
    981.9860   0.000003
    982.0312   0.000007
    982.0764   0.000014
    982.1216   0.000026
    982.1668   0.000042
    982.2121   0.000065
    982.2573   0.000093
    982.3025   0.000126
    982.3477   0.000160
    982.3929   0.000191
    982.4381   0.000214
    982.4834   0.000225
    982.5286   0.000222
    982.5738   0.000206
    982.6190   0.000182
    982.6643   0.000165
    982.7095   0.000184
    982.7547   0.000289
    982.8000   0.000550
    982.8452   0.001072
    982.8905   0.001994
    982.9357   0.003493
    982.9810   0.005773
    983.0262   0.009043
    983.0715   0.013487
    983.1167   0.019227
    983.1620   0.026289
    983.2072   0.034582
    983.2525   0.043898
    983.2977   0.053924
    983.3430   0.064279
    983.3883   0.074558
    983.4335   0.084366
    983.4788   0.093360
    983.5241   0.101268
    983.5694   0.107896
    983.6146   0.113123
    983.6599   0.116898
    983.7052   0.119223
    983.7505   0.120147
    983.7957   0.119749
    983.8410   0.118127
    983.8863   0.115391
    983.9316   0.111658
    983.9769   0.107047
    984.0222   0.101682
    984.0675   0.095686
    984.1128   0.089185
    984.1581   0.082303
    984.2034   0.075167
    984.2487   0.067899
    984.2940   0.060623
    984.3393   0.053456
    984.3846   0.046511
    984.4299   0.039892
    984.4753   0.033688
    984.5206   0.027979
    984.5659   0.022821
    984.6112   0.018256
    984.6565   0.014300
    984.7019   0.010950
    984.7472   0.008183
    984.7925   0.005956
    984.8379   0.004213
    984.8832   0.002890
    984.9285   0.001918
    984.9739   0.001228
    985.0192   0.000756
    985.0645   0.000445
    985.1099   0.000250
    985.1552   0.000133
    985.2006   0.000066
    985.2459   0.000031
    985.2913   0.000013
    985.3366   0.000005
    985.3820   0.000002
    985.4274   0.000000
    985.4727   0.000000
    985.5181   0.000000
    985.5634   0.000000
    985.6088   0.000000
    985.6542   0.000000
    985.6996   0.000000
    985.7449   0.000000
    985.7903   0.000000
    985.8357   0.000000
    985.8811   0.000000
    985.9264   0.000000
    985.9718   0.000000
    986.0172   0.000000
    986.0626   0.000000
    986.1080   0.000000
    986.1534   0.000000
    986.1988   0.000000
    986.2442   0.000000
    986.2896   0.000000
    986.3350   0.000000
    986.3804   0.000000
    986.4258   0.000000
    986.4712   0.000000
    986.5166   0.000000
    986.5620   0.000000
    986.6074   0.000000
    986.6528   0.000000
    986.6983   0.000000
    986.7437   0.000000
    986.7891   0.000000
    986.8345   0.000000
    986.8799   0.000002
    986.9254   0.000007
    986.9708   0.000020
    987.0162   0.000051
    987.0617   0.000116
    987.1071   0.000239
    987.1525   0.000458
    987.1980   0.000825
    987.2434   0.001412
    987.2889   0.002304
    987.3343   0.003605
    987.3798   0.005428
    987.4252   0.007889
    987.4707   0.011102
    987.5161   0.015166
    987.5616   0.020159
    987.6070   0.026132
    987.6525   0.033103
    987.6980   0.041060
    987.7434   0.049958
    987.7889   0.059729
    987.8344   0.070284
    987.8798   0.081519
    987.9253   0.093321
    987.9708   0.105575
    988.0163   0.118168
    988.0618   0.130989
    988.1072   0.143938
    988.1527   0.156922
    988.1982   0.169855
    988.2437   0.182665
    988.2892   0.195286
    988.3347   0.207663
    988.3802   0.219746
    988.4257   0.231494
    988.4712   0.242873
    988.5167   0.253854
    988.5622   0.264411
    988.6077   0.274524
    988.6532   0.284177
    988.6987   0.293354
    988.7442   0.302044
    988.7897   0.310236
    988.8352   0.317922
    988.8808   0.325093
    988.9263   0.331742
    988.9718   0.337863
    989.0173   0.343449
    989.0628   0.348492
    989.1084   0.352987
    989.1539   0.356925
    989.1994   0.360297
    989.2450   0.363095
    989.2905   0.365309
    989.3360   0.366928
    989.3816   0.367938
    989.4271   0.368327
    989.4727   0.368079
    989.5182   0.367178
    989.5638   0.365606
    989.6093   0.363342
    989.6549   0.360367
    989.7004   0.356657
    989.7460   0.352188
    989.7916   0.346936
    989.8371   0.340875
    989.8827   0.333978
    989.9282   0.326219
    989.9738   0.317573
    990.0194   0.308018
    990.0650   0.297534
    990.1105   0.286107
    990.1561   0.273733
    990.2017   0.260416
    990.2473   0.246178
    990.2928   0.231058
    990.3384   0.215123
    990.3840   0.198467
    990.4296   0.181222
    990.4752   0.163560
    990.5208   0.145693
    990.5664   0.127875
    990.6120   0.110390
    990.6576   0.093545
    990.7032   0.077650
    990.7488   0.062997
    990.7944   0.049834
    990.8400   0.038342
    990.8856   0.028619
    990.9312   0.020666
    990.9768   0.014395
    991.0225   0.009640
    991.0681   0.006184
    991.1137   0.003782
    991.1593   0.002193
    991.2049   0.001195
    991.2506   0.000605
    991.2962   0.000279
    991.3418   0.000115
    991.3875   0.000040
    991.4331   0.000011
    991.4787   0.000002
    991.5244   0.000000
    991.5700   0.000000
    991.6157   0.000000
    991.6613   0.000000
    991.7070   0.000000
    991.7526   0.000000
    991.7983   0.000000
    991.8439   0.000000
    991.8896   0.000000
    991.9352   0.000000
    991.9809   0.000001
    992.0266   0.000003
    992.0722   0.000005
    992.1179   0.000008
    992.1636   0.000013
    992.2092   0.000020
    992.2549   0.000027
    992.3006   0.000036
    992.3463   0.000044
    992.3919   0.000050
    992.4376   0.000054
    992.4833   0.000055
    992.5290   0.000052
    992.5747   0.000047
    992.6204   0.000044
    992.6661   0.000060
    992.7117   0.000132
    992.7574   0.000326
    992.8031   0.000751
    992.8488   0.001567
    992.8945   0.003004
    992.9403   0.005362
    992.9860   0.009004
    993.0317   0.014336
    993.0774   0.021760
    993.1231   0.031629
    993.1688   0.044191
    993.2145   0.059544
    993.2602   0.077619
    993.3060   0.098178
    993.3517   0.120841
    993.3974   0.145138
    993.4431   0.170554
    993.4889   0.196581
    993.5346   0.222758
    993.5803   0.248695
    993.6261   0.274077
    993.6718   0.298673
    993.7176   0.322324
    993.7633   0.344935
    993.8090   0.366463
    993.8548   0.386899
    993.9005   0.406261
    993.9463   0.424582
    993.9920   0.441906
    994.0378   0.458282
    994.0836   0.473761
    994.1293   0.488394
    994.1751   0.502233
    994.2208   0.515326
    994.2666   0.527720
    994.3124   0.539459
    994.3581   0.550583
    994.4039   0.561132
    994.4497   0.571140
    994.4955   0.580643
    994.5412   0.589670
    994.5870   0.598251
    994.6328   0.606412
    994.6786   0.614177
    994.7244   0.621571
    994.7702   0.628613
    994.8160   0.635325
    994.8618   0.641724
    994.9075   0.647827
    994.9533   0.653650
    994.9991   0.659208
    995.0449   0.664515
    995.0908   0.669582
    995.1366   0.674424
    995.1824   0.679049
    995.2282   0.683469
    995.2740   0.687693
    995.3198   0.691730
    995.3656   0.695589
    995.4114   0.699278
    995.4573   0.702803
    995.5031   0.706173
    995.5489   0.709392
    995.5947   0.712467
    995.6406   0.715405
    995.6864   0.718209
    995.7322   0.720886
    995.7781   0.723439
    995.8239   0.725873
    995.8697   0.728193
    995.9156   0.730401
    995.9614   0.732502
    996.0073   0.734498
    996.0531   0.736394
    996.0990   0.738192
    996.1448   0.739894
    996.1907   0.741503
    996.2365   0.743022
    996.2824   0.744453
    996.3282   0.745798
    996.3741   0.747058
    996.4200   0.748236
    996.4658   0.749333
    996.5117   0.750351
    996.5576   0.751291
    996.6035   0.752155
    996.6493   0.752942
    996.6952   0.753656
    996.7411   0.754295
    996.7870   0.754862
    996.8329   0.755358
    996.8787   0.755781
    996.9246   0.756134
    996.9705   0.756416
    997.0164   0.756628
    997.0623   0.756770
    997.1082   0.756843
    997.1541   0.756846
    997.2000   0.756779
    997.2459   0.756642
    997.2918   0.756435
    997.3377   0.756157
    997.3836   0.755808
    997.4295   0.755388
    997.4755   0.754897
    997.5214   0.754332
    997.5673   0.753694
    997.6132   0.752981
    997.6591   0.752193
    997.7051   0.751328
    997.7510   0.750385
    997.7969   0.749363
    997.8428   0.748261
    997.8888   0.747076
    997.9347   0.745807
    997.9806   0.744453
    998.0266   0.743010
    998.0725   0.741477
    998.1185   0.739853
    998.1644   0.738133
    998.2104   0.736316
    998.2563   0.734399
    998.3023   0.732379
    998.3482   0.730252
    998.3942   0.728016
    998.4401   0.725667
    998.4861   0.723200
    998.5320   0.720613
    998.5780   0.717900
    998.6240   0.715057
    998.6699   0.712080
    998.7159   0.708963
    998.7619   0.705700
    998.8079   0.702286
    998.8538   0.698714
    998.8998   0.694979
    998.9458   0.691073
    998.9918   0.686988
    999.0378   0.682718
    999.0838   0.678253
    999.1297   0.673585
    999.1757   0.668705
    999.2217   0.663601
    999.2677   0.658265
    999.3137   0.652685
    999.3597   0.646848
    999.4057   0.640742
    999.4517   0.634354
    999.4977   0.627669
    999.5438   0.620672
    999.5898   0.613348
    999.6358   0.605678
    999.6818   0.597646
    999.7278   0.589232
    999.7738   0.580416
    999.8198   0.571178
    999.8659   0.561494
    999.9119   0.551342
    999.9579   0.540697
   1000.0040   0.529535
   1000.0500   0.517828
   1000.0960   0.505552
   1000.1421   0.492678
   1000.1881   0.479179
   1000.2341   0.465029
   1000.2802   0.450202
   1000.3262   0.434674
   1000.3723   0.418424
   1000.4183   0.401434
   1000.4644   0.383695
   1000.5104   0.365203
   1000.5565   0.345965
   1000.6025   0.326004
   1000.6486   0.305357
   1000.6947   0.284087
   1000.7407   0.262280
   1000.7868   0.240057
   1000.8329   0.217572
   1000.8789   0.195019
   1000.9250   0.172631
   1000.9711   0.150678
   1001.0171   0.129454
   1001.0632   0.109271
   1001.1093   0.090434
   1001.1554   0.073225
   1001.2015   0.057876
   1001.2476   0.044544
   1001.2937   0.033300
   1001.3397   0.024116
   1001.3858   0.016869
   1001.4319   0.011363
   1001.4780   0.007343
   1001.5241   0.004534
   1001.5702   0.002660
   1001.6163   0.001471
   1001.6624   0.000760
   1001.7086   0.000361
   1001.7547   0.000154
   1001.8008   0.000057
   1001.8469   0.000017
   1001.8930   0.000004
   1001.9391   0.000001
   1001.9852   0.000000
   1002.0314   0.000000
   1002.0775   0.000000
   1002.1236   0.000000
   1002.1698   0.000000
   1002.2159   0.000000
   1002.2620   0.000000
   1002.3082   0.000000
   1002.3543   0.000000
   1002.4004   0.000000
   1002.4466   0.000001
   1002.4927   0.000003
   1002.5389   0.000005
   1002.5850   0.000009
   1002.6312   0.000014
   1002.6773   0.000020
   1002.7235   0.000027
   1002.7696   0.000035
   1002.8158   0.000042
   1002.8620   0.000047
   1002.9081   0.000050
   1002.9543   0.000050
   1003.0004   0.000047
   1003.0466   0.000041
   1003.0928   0.000035
   1003.1390   0.000034
   1003.1851   0.000056
   1003.2313   0.000137
   1003.2775   0.000340
   1003.3237   0.000764
   1003.3699   0.001557
   1003.4161   0.002925
   1003.4622   0.005134
   1003.5084   0.008502
   1003.5546   0.013373
   1003.6008   0.020084
   1003.6470   0.028923
   1003.6932   0.040081
   1003.7394   0.053621
   1003.7856   0.069460
   1003.8318   0.087376
   1003.8780   0.107032
   1003.9243   0.128013
   1003.9705   0.149870
   1004.0167   0.172165
   1004.0629   0.194493
   1004.1091   0.216512
   1004.1553   0.237943
   1004.2016   0.258577
   1004.2478   0.278268
   1004.2940   0.296925
   1004.3402   0.314501
   1004.3865   0.330980
   1004.4327   0.346371
   1004.4789   0.360697
   1004.5252   0.373991
   1004.5714   0.386293
   1004.6177   0.397645
   1004.6639   0.408090
   1004.7102   0.417671
   1004.7564   0.426429
   1004.8027   0.434403
   1004.8489   0.441631
   1004.8952   0.448147
   1004.9414   0.453983
   1004.9877   0.459169
   1005.0339   0.463732
   1005.0802   0.467696
   1005.1265   0.471085
   1005.1727   0.473918
   1005.2190   0.476213
   1005.2653   0.477988
   1005.3116   0.479256
   1005.3578   0.480030
   1005.4041   0.480322
   1005.4504   0.480141
   1005.4967   0.479495
   1005.5430   0.478390
   1005.5892   0.476833
   1005.6355   0.474828
   1005.6818   0.472377
   1005.7281   0.469484
   1005.7744   0.466148
   1005.8207   0.462369
   1005.8670   0.458148
   1005.9133   0.453483
   1005.9596   0.448371
   1006.0059   0.442808
   1006.0522   0.436793
   1006.0985   0.430319
   1006.1449   0.423384
   1006.1912   0.415983
   1006.2375   0.408110
   1006.2838   0.399761
   1006.3301   0.390932
   1006.3764   0.381618
   1006.4228   0.371817
   1006.4691   0.361527
   1006.5154   0.350748
   1006.5618   0.339479
   1006.6081   0.327727
   1006.6544   0.315496
   1006.7008   0.302798
   1006.7471   0.289648
   1006.7935   0.276065
   1006.8398   0.262075
   1006.8861   0.247712
   1006.9325   0.233018
   1006.9788   0.218042
   1007.0252   0.202845
   1007.0716   0.187501
   1007.1179   0.172093
   1007.1643   0.156718
   1007.2106   0.141484
   1007.2570   0.126511
   1007.3034   0.111929
   1007.3497   0.097873
   1007.3961   0.084482
   1007.4425   0.071889
   1007.4888   0.060219
   1007.5352   0.049581
   1007.5816   0.040056
   1007.6280   0.031698
   1007.6744   0.024525
   1007.7207   0.018513
   1007.7671   0.013607
   1007.8135   0.009716
   1007.8599   0.006722
   1007.9063   0.004495
   1007.9527   0.002896
   1007.9991   0.001791
   1008.0455   0.001058
   1008.0919   0.000595
   1008.1383   0.000315
   1008.1847   0.000156
   1008.2311   0.000071
   1008.2775   0.000030
   1008.3239   0.000011
   1008.3704   0.000003
   1008.4168   0.000001
   1008.4632   0.000000
   1008.5096   0.000000
   1008.5560   0.000000
   1008.6025   0.000000
   1008.6489   0.000000
   1008.6953   0.000000
   1008.7418   0.000001
   1008.7882   0.000001
   1008.8346   0.000002
   1008.8811   0.000003
   1008.9275   0.000004
   1008.9740   0.000006
   1009.0204   0.000008
   1009.0668   0.000010
   1009.1133   0.000012
   1009.1597   0.000013
   1009.2062   0.000014
   1009.2527   0.000014
   1009.2991   0.000013
   1009.3456   0.000011
   1009.3920   0.000009
   1009.4385   0.000007
   1009.4850   0.000005
   1009.5314   0.000004
   1009.5779   0.000002
   1009.6244   0.000001
   1009.6709   0.000001
   1009.7173   0.000001
   1009.7638   0.000002
   1009.8103   0.000009
   1009.8568   0.000028
   1009.9033   0.000073
   1009.9497   0.000169
   1009.9962   0.000353
   1010.0427   0.000682
   1010.0892   0.001232
   1010.1357   0.002100
   1010.1822   0.003404
   1010.2287   0.005275
   1010.2752   0.007846
   1010.3217   0.011240
   1010.3682   0.015555
   1010.4147   0.020852
   1010.4613   0.027144
   1010.5078   0.034392
   1010.5543   0.042509
   1010.6008   0.051363
   1010.6473   0.060787
   1010.6938   0.070594
   1010.7404   0.080585
   1010.7869   0.090563
   1010.8334   0.100339
   1010.8799   0.109738
   1010.9265   0.118603
   1010.9730   0.126799
   1011.0196   0.134211
   1011.0661   0.140742
   1011.1126   0.146312
   1011.1592   0.150858
   1011.2057   0.154329
   1011.2523   0.156688
   1011.2988   0.157908
   1011.3454   0.157972
   1011.3919   0.156874
   1011.4385   0.154617
   1011.4850   0.151216
   1011.5316   0.146700
   1011.5782   0.141110
   1011.6247   0.134503
   1011.6713   0.126958
   1011.7179   0.118572
   1011.7644   0.109470
   1011.8110   0.099796
   1011.8576   0.089724
   1011.9042   0.079447
   1011.9507   0.069176
   1011.9973   0.059130
   1012.0439   0.049527
   1012.0905   0.040571
   1012.1371   0.032435
   1012.1837   0.025250
   1012.2303   0.019097
   1012.2769   0.013998
   1012.3235   0.009917
   1012.3701   0.006771
   1012.4167   0.004440
   1012.4633   0.002786
   1012.5099   0.001665
   1012.5565   0.000941
   1012.6031   0.000499
   1012.6497   0.000245
   1012.6963   0.000109
   1012.7429   0.000043
   1012.7895   0.000014
   1012.8362   0.000004
   1012.8828   0.000001
   1012.9294   0.000000
   1012.9760   0.000000
   1013.0227   0.000000
   1013.0693   0.000000
   1013.1159   0.000000
   1013.1626   0.000000
   1013.2092   0.000000
   1013.2558   0.000000
   1013.3025   0.000000
   1013.3491   0.000000
   1013.3958   0.000000
   1013.4424   0.000000
   1013.4891   0.000001
   1013.5357   0.000002
   1013.5824   0.000004
   1013.6290   0.000006
   1013.6757   0.000008
   1013.7224   0.000012
   1013.7690   0.000015
   1013.8157   0.000019
   1013.8624   0.000022
   1013.9090   0.000023
   1013.9557   0.000024
   1014.0024   0.000023
   1014.0491   0.000020
   1014.0957   0.000017
   1014.1424   0.000014
   1014.1891   0.000018
   1014.2358   0.000041
   1014.2825   0.000117
   1014.3292   0.000298
   1014.3759   0.000674
   1014.4225   0.001376
   1014.4692   0.002590
   1014.5159   0.004556
   1014.5626   0.007565
   1014.6093   0.011942
   1014.6560   0.018013
   1014.7028   0.026070
   1014.7495   0.036332
   1014.7962   0.048911
   1014.8429   0.063797
   1014.8896   0.080852
   1014.9363   0.099829
   1014.9830   0.120402
   1015.0298   0.142195
   1015.0765   0.164825
   1015.1232   0.187924
   1015.1699   0.211165
   1015.2167   0.234266
   1015.2634   0.257004
   1015.3101   0.279208
   1015.3569   0.300756
   1015.4036   0.321569
   1015.4503   0.341597
   1015.4971   0.360818
   1015.5438   0.379229
   1015.5906   0.396837
   1015.6373   0.413661
   1015.6841   0.429726
   1015.7308   0.445059
   1015.7776   0.459691
   1015.8244   0.473654
   1015.8711   0.486979
   1015.9179   0.499698
   1015.9646   0.511841
   1016.0114   0.523438
   1016.0582   0.534516
   1016.1049   0.545104
   1016.1517   0.555226
   1016.1985   0.564907
   1016.2453   0.574169
   1016.2921   0.583035
   1016.3388   0.591524
   1016.3856   0.599656
   1016.4324   0.607448
   1016.4792   0.614918
   1016.5260   0.622082
   1016.5728   0.628953
   1016.6196   0.635547
   1016.6664   0.641877
   1016.7132   0.647954
   1016.7600   0.653791
   1016.8068   0.659399
   1016.8536   0.664787
   1016.9004   0.669965
   1016.9472   0.674944
   1016.9940   0.679730
   1017.0408   0.684332
   1017.0876   0.688758
   1017.1345   0.693015
   1017.1813   0.697109
   1017.2281   0.701048
   1017.2749   0.704837
   1017.3217   0.708481
   1017.3686   0.711986
   1017.4154   0.715358
   1017.4622   0.718600
   1017.5091   0.721717
   1017.5559   0.724715
   1017.6028   0.727595
   1017.6496   0.730363
   1017.6964   0.733023
   1017.7433   0.735576
   1017.7901   0.738027
   1017.8370   0.740378
   1017.8838   0.742633
   1017.9307   0.744794
   1017.9776   0.746863
   1018.0244   0.748843
   1018.0713   0.750736
   1018.1181   0.752545
   1018.1650   0.754270
   1018.2119   0.755915
   1018.2587   0.757481
   1018.3056   0.758968
   1018.3525   0.760380
   1018.3994   0.761717
   1018.4462   0.762981
   1018.4931   0.764173
   1018.5400   0.765294
   1018.5869   0.766344
   1018.6338   0.767326
   1018.6807   0.768239
   1018.7276   0.769086
   1018.7745   0.769865
   1018.8214   0.770578
   1018.8683   0.771226
   1018.9152   0.771809
   1018.9621   0.772327
   1019.0090   0.772780
   1019.0559   0.773170
   1019.1028   0.773495
   1019.1497   0.773757
   1019.1966   0.773955
   1019.2435   0.774088
   1019.2904   0.774158
   1019.3374   0.774163
   1019.3843   0.774104
   1019.4312   0.773980
   1019.4781   0.773791
   1019.5251   0.773536
   1019.5720   0.773214
   1019.6189   0.772826
   1019.6659   0.772369
   1019.7128   0.771844
   1019.7597   0.771250
   1019.8067   0.770585
   1019.8536   0.769848
   1019.9006   0.769039
   1019.9475   0.768155
   1019.9945   0.767196
   1020.0414   0.766161
   1020.0884   0.765046
   1020.1353   0.763852
   1020.1823   0.762576
   1020.2292   0.761215
   1020.2762   0.759769
   1020.3232   0.758235
   1020.3701   0.756610
   1020.4171   0.754892
   1020.4641   0.753079
   1020.5110   0.751168
   1020.5580   0.749156
   1020.6050   0.747039
   1020.6520   0.744815
   1020.6990   0.742480
   1020.7460   0.740030
   1020.7929   0.737462
   1020.8399   0.734771
   1020.8869   0.731954
   1020.9339   0.729005
   1020.9809   0.725920
   1021.0279   0.722693
   1021.0749   0.719320
   1021.1219   0.715795
   1021.1689   0.712111
   1021.2159   0.708262
   1021.2629   0.704243
   1021.3099   0.700044
   1021.3569   0.695660
   1021.4040   0.691082
   1021.4510   0.686302
   1021.4980   0.681312
   1021.5450   0.676101
   1021.5920   0.670660
   1021.6391   0.664979
   1021.6861   0.659048
   1021.7331   0.652853
   1021.7802   0.646385
   1021.8272   0.639629
   1021.8742   0.632572
   1021.9213   0.625201
   1021.9683   0.617500
   1022.0154   0.609454
   1022.0624   0.601048
   1022.1094   0.592263
   1022.1565   0.583082
   1022.2035   0.573487
   1022.2506   0.563459
   1022.2977   0.552978
   1022.3447   0.542024
   1022.3918   0.530576
   1022.4388   0.518614
   1022.4859   0.506116
   1022.5330   0.493062
   1022.5800   0.479432
   1022.6271   0.465207
   1022.6742   0.450369
   1022.7213   0.434902
   1022.7683   0.418795
   1022.8154   0.402040
   1022.8625   0.384634
   1022.9096   0.366581
   1022.9567   0.347896
   1023.0038   0.328603
   1023.0509   0.308739
   1023.0979   0.288361
   1023.1450   0.267541
   1023.1921   0.246379
   1023.2392   0.224995
   1023.2863   0.203541
   1023.3334   0.182196
   1023.3805   0.161168
   1023.4277   0.140687
   1023.4748   0.121001
   1023.5219   0.102364
   1023.5690   0.085022
   1023.6161   0.069198
   1023.6632   0.055069
   1023.7103   0.042759
   1023.7575   0.032316
   1023.8046   0.023715
   1023.8517   0.016853
   1023.8989   0.011565
   1023.9460   0.007639
   1023.9931   0.004839
   1024.0403   0.002926
   1024.0874   0.001679
   1024.1345   0.000908
   1024.1817   0.000457
   1024.2288   0.000211
   1024.2760   0.000087
   1024.3231   0.000031
   1024.3703   0.000009
   1024.4174   0.000002
   1024.4646   0.000000
   1024.5117   0.000000
   1024.5589   0.000000
   1024.6061   0.000000
   1024.6532   0.000000
   1024.7004   0.000000
   1024.7476   0.000000
   1024.7947   0.000000
   1024.8419   0.000000
   1024.8891   0.000000
   1024.9363   0.000000
   1024.9834   0.000000
   1025.0306   0.000001
   1025.0778   0.000003
   1025.1250   0.000005
   1025.1722   0.000008
   1025.2194   0.000012
   1025.2666   0.000017
   1025.3138   0.000023
   1025.3610   0.000030
   1025.4082   0.000035
   1025.4554   0.000040
   1025.5026   0.000042
   1025.5498   0.000042
   1025.5970   0.000040
   1025.6442   0.000035
   1025.6914   0.000029
   1025.7386   0.000023
   1025.7858   0.000020
   1025.8330   0.000031
   1025.8803   0.000081
   1025.9275   0.000213
   1025.9747   0.000506
   1026.0219   0.001075
   1026.0692   0.002093
   1026.1164   0.003787
   1026.1636   0.006447
   1026.2109   0.010403
   1026.2581   0.016010
   1026.3054   0.023602
   1026.3526   0.033457
   1026.3998   0.045754
   1026.4471   0.060550
   1026.4943   0.077763
   1026.5416   0.097184
   1026.5888   0.118502
   1026.6361   0.141334
   1026.6834   0.165269
   1026.7306   0.189897
   1026.7779   0.214840
   1026.8251   0.239767
   1026.8724   0.264403
   1026.9197   0.288531
   1026.9669   0.311993
   1027.0142   0.334678
   1027.0615   0.356515
   1027.1088   0.377468
   1027.1561   0.397520
   1027.2033   0.416677
   1027.2506   0.434953
   1027.2979   0.452372
   1027.3452   0.468966
   1027.3925   0.484766
   1027.4398   0.499809
   1027.4871   0.514130
   1027.5344   0.527765
   1027.5817   0.540749
   1027.6290   0.553116
   1027.6763   0.564900
   1027.7236   0.576130
   1027.7709   0.586837
   1027.8182   0.597050
   1027.8655   0.606794
   1027.9128   0.616095
   1027.9601   0.624977
   1028.0075   0.633462
   1028.0548   0.641570
   1028.1021   0.649322
   1028.1494   0.656736
   1028.1968   0.663828
   1028.2441   0.670616
   1028.2914   0.677115
   1028.3388   0.683338
   1028.3861   0.689300
   1028.4334   0.695013
   1028.4808   0.700488
   1028.5281   0.705738
   1028.5755   0.710772
   1028.6228   0.715600
   1028.6702   0.720232
   1028.7175   0.724676
   1028.7649   0.728940
   1028.8122   0.733033
   1028.8596   0.736961
   1028.9069   0.740731
   1028.9543   0.744350
   1029.0017   0.747824
   1029.0490   0.751159
   1029.0964   0.754359
   1029.1438   0.757431
   1029.1911   0.760379
   1029.2385   0.763208
   1029.2859   0.765921
   1029.3333   0.768523
   1029.3807   0.771018
   1029.4280   0.773410
   1029.4754   0.775702
   1029.5228   0.777896
   1029.5702   0.779997
   1029.6176   0.782007
   1029.6650   0.783929
   1029.7124   0.785765
   1029.7598   0.787518
   1029.8072   0.789190
   1029.8546   0.790783
   1029.9020   0.792300
   1029.9494   0.793742
   1029.9968   0.795110
   1030.0442   0.796408
   1030.0917   0.797636
   1030.1391   0.798796
   1030.1865   0.799889
   1030.2339   0.800916
   1030.2813   0.801879
   1030.3288   0.802779
   1030.3762   0.803617
   1030.4236   0.804394
   1030.4710   0.805110
   1030.5185   0.805767
   1030.5659   0.806365
   1030.6134   0.806905
   1030.6608   0.807388
   1030.7082   0.807814
   1030.7557   0.808183
   1030.8031   0.808496
   1030.8506   0.808753
   1030.8980   0.808955
   1030.9455   0.809101
   1030.9929   0.809193
   1031.0404   0.809229
   1031.0879   0.809210
   1031.1353   0.809136
   1031.1828   0.809007
   1031.2303   0.808822
   1031.2777   0.808581
   1031.3252   0.808285
   1031.3727   0.807932
   1031.4202   0.807523
   1031.4676   0.807056
   1031.5151   0.806531
   1031.5626   0.805948
   1031.6101   0.805306
   1031.6576   0.804604
   1031.7051   0.803841
   1031.7525   0.803017
   1031.8000   0.802130
   1031.8475   0.801179
   1031.8950   0.800163
   1031.9425   0.799081
   1031.9900   0.797932
   1032.0375   0.796713
   1032.0850   0.795425
   1032.1326   0.794064
   1032.1801   0.792630
   1032.2276   0.791120
   1032.2751   0.789533
   1032.3226   0.787866
   1032.3701   0.786118
   1032.4177   0.784286
   1032.4652   0.782368
   1032.5127   0.780360
   1032.5602   0.778261
   1032.6078   0.776068
   1032.6553   0.773778
   1032.7028   0.771387
   1032.7504   0.768892
   1032.7979   0.766289
   1032.8455   0.763576
   1032.8930   0.760747
   1032.9405   0.757799
   1032.9881   0.754728
   1033.0356   0.751528
   1033.0832   0.748196
   1033.1307   0.744725
   1033.1783   0.741110
   1033.2259   0.737347
   1033.2734   0.733428
   1033.3210   0.729347
   1033.3686   0.725098
   1033.4161   0.720674
   1033.4637   0.716067
   1033.5113   0.711269
   1033.5588   0.706272
   1033.6064   0.701068
   1033.6540   0.695646
   1033.7016   0.689998
   1033.7492   0.684113
   1033.7967   0.677981
   1033.8443   0.671589
   1033.8919   0.664926
   1033.9395   0.657979
   1033.9871   0.650736
   1034.0347   0.643181
   1034.0823   0.635301
   1034.1299   0.627081
   1034.1775   0.618503
   1034.2251   0.609552
   1034.2727   0.600209
   1034.3203   0.590457
   1034.3679   0.580277
   1034.4156   0.569649
   1034.4632   0.558553
   1034.5108   0.546969
   1034.5584   0.534875
   1034.6060   0.522252
   1034.6537   0.509078
   1034.7013   0.495333
   1034.7489   0.480998
   1034.7965   0.466054
   1034.8442   0.450486
   1034.8918   0.434280
   1034.9394   0.417427
   1034.9871   0.399923
   1035.0347   0.381768
   1035.0824   0.362975
   1035.1300   0.343562
   1035.1777   0.323563
   1035.2253   0.303026
   1035.2730   0.282017
   1035.3206   0.260625
   1035.3683   0.238961
   1035.4159   0.217164
   1035.4636   0.195402
   1035.5113   0.173869
   1035.5589   0.152788
   1035.6066   0.132400
   1035.6543   0.112958
   1035.7020   0.094715
   1035.7496   0.077906
   1035.7973   0.062732
   1035.8450   0.049347
   1035.8927   0.037834
   1035.9404   0.028205
   1035.9880   0.020393
   1036.0357   0.014261
   1036.0834   0.009618
   1036.1311   0.006234
   1036.1788   0.003867
   1036.2265   0.002285
   1036.2742   0.001278
   1036.3219   0.000670
   1036.3696   0.000325
   1036.4173   0.000143
   1036.4650   0.000056
   1036.5127   0.000019
   1036.5604   0.000005
   1036.6082   0.000001
   1036.6559   0.000000
   1036.7036   0.000000
   1036.7513   0.000000
   1036.7990   0.000000
   1036.8468   0.000000
   1036.8945   0.000000
   1036.9422   0.000000
   1036.9900   0.000000
   1037.0377   0.000000
   1037.0854   0.000000
   1037.1332   0.000000
   1037.1809   0.000001
   1037.2287   0.000003
   1037.2764   0.000007
   1037.3241   0.000012
   1037.3719   0.000019
   1037.4196   0.000028
   1037.4674   0.000040
   1037.5152   0.000053
   1037.5629   0.000066
   1037.6107   0.000078
   1037.6584   0.000087
   1037.7062   0.000091
   1037.7540   0.000090
   1037.8017   0.000083
   1037.8495   0.000072
   1037.8973   0.000059
   1037.9451   0.000046
   1037.9928   0.000035
   1038.0406   0.000035
   1038.0884   0.000065
   1038.1362   0.000163
   1038.1840   0.000394
   1038.2318   0.000864
   1038.2796   0.001728
   1038.3274   0.003200
   1038.3752   0.005555
   1038.4230   0.009120
   1038.4708   0.014253
   1038.5186   0.021309
   1038.5664   0.030596
   1038.6142   0.042335
   1038.6620   0.056628
   1038.7098   0.073437
   1038.7576   0.092589
   1038.8054   0.113795
   1038.8532   0.136682
   1038.9011   0.160832
   1038.9489   0.185819
   1038.9967   0.211241
   1039.0445   0.236742
   1039.0924   0.262018
   1039.1402   0.286830
   1039.1880   0.310995
   1039.2359   0.334386
   1039.2837   0.356921
   1039.3315   0.378551
   1039.3794   0.399256
   1039.4272   0.419036
   1039.4751   0.437905
   1039.5229   0.455887
   1039.5708   0.473012
   1039.6186   0.489314
   1039.6665   0.504830
   1039.7143   0.519597
   1039.7622   0.533653
   1039.8101   0.547035
   1039.8579   0.559778
   1039.9058   0.571916
   1039.9537   0.583484
   1040.0015   0.594511
   1040.0494   0.605027
   1040.0973   0.615061
   1040.1452   0.624638
   1040.1930   0.633784
   1040.2409   0.642521
   1040.2888   0.650872
   1040.3367   0.658857
   1040.3846   0.666495
   1040.4325   0.673804
   1040.4804   0.680802
   1040.5283   0.687503
   1040.5762   0.693923
   1040.6241   0.700077
   1040.6720   0.705976
   1040.7199   0.711634
   1040.7678   0.717061
   1040.8157   0.722270
   1040.8636   0.727270
   1040.9115   0.732070
   1040.9594   0.736680
   1041.0073   0.741108
   1041.0552   0.745363
   1041.1032   0.749451
   1041.1511   0.753380
   1041.1990   0.757158
   1041.2469   0.760789
   1041.2949   0.764280
   1041.3428   0.767636
   1041.3907   0.770864
   1041.4387   0.773968
   1041.4866   0.776952
   1041.5346   0.779822
   1041.5825   0.782581
   1041.6305   0.785234
   1041.6784   0.787784
   1041.7264   0.790235
   1041.7743   0.792591
   1041.8223   0.794854
   1041.8702   0.797028
   1041.9182   0.799115
   1041.9661   0.801119
   1042.0141   0.803042
   1042.0621   0.804886
   1042.1100   0.806653
   1042.1580   0.808347
   1042.2060   0.809968
   1042.2540   0.811519
   1042.3019   0.813002
   1042.3499   0.814419
   1042.3979   0.815771
   1042.4459   0.817059
   1042.4939   0.818286
   1042.5418   0.819452
   1042.5898   0.820559
   1042.6378   0.821609
   1042.6858   0.822601
   1042.7338   0.823538
   1042.7818   0.824420
   1042.8298   0.825249
   1042.8778   0.826025
   1042.9258   0.826748
   1042.9738   0.827421
   1043.0218   0.828042
   1043.0699   0.828614
   1043.1179   0.829137
   1043.1659   0.829610
   1043.2139   0.830035
   1043.2619   0.830412
   1043.3100   0.830741
   1043.3580   0.831023
   1043.4060   0.831258
   1043.4540   0.831446
   1043.5021   0.831587
   1043.5501   0.831681
   1043.5981   0.831729
   1043.6462   0.831730
   1043.6942   0.831685
   1043.7423   0.831592
   1043.7903   0.831453
   1043.8384   0.831267
   1043.8864   0.831033
   1043.9345   0.830752
   1043.9825   0.830422
   1044.0306   0.830044
   1044.0786   0.829617
   1044.1267   0.829141
   1044.1748   0.828615
   1044.2228   0.828038
   1044.2709   0.827410
   1044.3190   0.826730
   1044.3670   0.825997
   1044.4151   0.825211
   1044.4632   0.824369
   1044.5113   0.823472
   1044.5593   0.822519
   1044.6074   0.821507
   1044.6555   0.820437
   1044.7036   0.819306
   1044.7517   0.818114
   1044.7998   0.816858
   1044.8479   0.815538
   1044.8960   0.814151
   1044.9441   0.812696
   1044.9922   0.811171
   1045.0403   0.809574
   1045.0884   0.807904
   1045.1365   0.806157
   1045.1846   0.804332
   1045.2327   0.802426
   1045.2808   0.800437
   1045.3289   0.798362
   1045.3770   0.796198
   1045.4252   0.793943
   1045.4733   0.791592
   1045.5214   0.789144
   1045.5695   0.786593
   1045.6177   0.783937
   1045.6658   0.781172
   1045.7139   0.778294
   1045.7621   0.775297
   1045.8102   0.772179
   1045.8584   0.768933
   1045.9065   0.765556
   1045.9546   0.762040
   1046.0028   0.758382
   1046.0509   0.754574
   1046.0991   0.750611
   1046.1472   0.746486
   1046.1954   0.742192
   1046.2436   0.737722
   1046.2917   0.733067
   1046.3399   0.728219
   1046.3880   0.723170
   1046.4362   0.717911
   1046.4844   0.712431
   1046.5326   0.706721
   1046.5807   0.700769
   1046.6289   0.694564
   1046.6771   0.688094
   1046.7253   0.681346
   1046.7734   0.674306
   1046.8216   0.666961
   1046.8698   0.659295
   1046.9180   0.651293
   1046.9662   0.642938
   1047.0144   0.634212
   1047.0626   0.625098
   1047.1108   0.615576
   1047.1590   0.605626
   1047.2072   0.595227
   1047.2554   0.584358
   1047.3036   0.572998
   1047.3518   0.561121
   1047.4000   0.548707
   1047.4482   0.535731
   1047.4965   0.522169
   1047.5447   0.507999
   1047.5929   0.493198
   1047.6411   0.477745
   1047.6893   0.461622
   1047.7376   0.444812
   1047.7858   0.427304
   1047.8340   0.409092
   1047.8823   0.390175
   1047.9305   0.370566
   1047.9787   0.350285
   1048.0270   0.329368
   1048.0752   0.307870
   1048.1235   0.285865
   1048.1717   0.263454
   1048.2200   0.240765
   1048.2682   0.217956
   1048.3165   0.195219
   1048.3647   0.172777
   1048.4130   0.150881
   1048.4612   0.129801
   1048.5095   0.109817
   1048.5578   0.091200
   1048.6060   0.074196
   1048.6543   0.059008
   1048.7026   0.045772
   1048.7508   0.034548
   1048.7991   0.025309
   1048.8474   0.017948
   1048.8957   0.012284
   1048.9440   0.008089
   1048.9922   0.005105
   1049.0405   0.003073
   1049.0888   0.001754
   1049.1371   0.000942
   1049.1854   0.000470
   1049.2337   0.000215
   1049.2820   0.000087
   1049.3303   0.000031
   1049.3786   0.000009
   1049.4269   0.000002
   1049.4752   0.000000
   1049.5235   0.000000
   1049.5718   0.000000
   1049.6202   0.000000
   1049.6685   0.000000
   1049.7168   0.000000
   1049.7651   0.000000
   1049.8134   0.000000
   1049.8618   0.000000
   1049.9101   0.000000
   1049.9584   0.000002
   1050.0067   0.000005
   1050.0551   0.000011
   1050.1034   0.000023
   1050.1518   0.000040
   1050.2001   0.000064
   1050.2484   0.000097
   1050.2968   0.000138
   1050.3451   0.000185
   1050.3935   0.000234
   1050.4418   0.000279
   1050.4902   0.000314
   1050.5385   0.000333
   1050.5869   0.000333
   1050.6353   0.000314
   1050.6836   0.000279
   1050.7320   0.000234
   1050.7804   0.000185
   1050.8287   0.000138
   1050.8771   0.000101
   1050.9255   0.000089
   1050.9738   0.000132
   1051.0222   0.000285
   1051.0706   0.000638
   1051.1190   0.001332
   1051.1674   0.002568
   1051.2158   0.004617
   1051.2641   0.007811
   1051.3125   0.012532
   1051.3609   0.019177
   1051.4093   0.028113
   1051.4577   0.039630
   1051.5061   0.053896
   1051.5545   0.070929
   1051.6029   0.090591
   1051.6513   0.112598
   1051.6998   0.136556
   1051.7482   0.162006
   1051.7966   0.188465
   1051.8450   0.215467
   1051.8934   0.242595
   1051.9418   0.269492
   1051.9903   0.295873
   1052.0387   0.321522
   1052.0871   0.346291
   1052.1355   0.370084
   1052.1840   0.392849
   1052.2324   0.414568
   1052.2808   0.435246
   1052.3293   0.454905
   1052.3777   0.473576
   1052.4262   0.491301
   1052.4746   0.508122
   1052.5231   0.524085
   1052.5715   0.539235
   1052.6200   0.553618
   1052.6684   0.567276
   1052.7169   0.580253
   1052.7653   0.592587
   1052.8138   0.604317
   1052.8622   0.615478
   1052.9107   0.626103
   1052.9592   0.636225
   1053.0076   0.645872
   1053.0561   0.655071
   1053.1046   0.663849
   1053.1531   0.672229
   1053.2015   0.680233
   1053.2500   0.687883
   1053.2985   0.695198
   1053.3470   0.702196
   1053.3955   0.708894
   1053.4440   0.715307
   1053.4925   0.721452
   1053.5410   0.727341
   1053.5895   0.732988
   1053.6380   0.738405
   1053.6865   0.743603
   1053.7350   0.748594
   1053.7835   0.753386
   1053.8320   0.757989
   1053.8805   0.762413
   1053.9290   0.766665
   1053.9775   0.770754
   1054.0260   0.774686
   1054.0745   0.778469
   1054.1231   0.782110
   1054.1716   0.785613
   1054.2201   0.788986
   1054.2686   0.792234
   1054.3172   0.795361
   1054.3657   0.798373
   1054.4142   0.801274
   1054.4628   0.804069
   1054.5113   0.806762
   1054.5599   0.809356
   1054.6084   0.811856
   1054.6569   0.814265
   1054.7055   0.816585
   1054.7540   0.818821
   1054.8026   0.820976
   1054.8511   0.823051
   1054.8997   0.825050
   1054.9483   0.826975
   1054.9968   0.828829
   1055.0454   0.830614
   1055.0940   0.832332
   1055.1425   0.833985
   1055.1911   0.835575
   1055.2397   0.837104
   1055.2882   0.838573
   1055.3368   0.839985
   1055.3854   0.841341
   1055.4340   0.842642
   1055.4826   0.843890
   1055.5311   0.845085
   1055.5797   0.846231
   1055.6283   0.847326
   1055.6769   0.848373
   1055.7255   0.849373
   1055.7741   0.850327
   1055.8227   0.851235
   1055.8713   0.852099
   1055.9199   0.852919
   1055.9685   0.853696
   1056.0171   0.854431
   1056.0657   0.855125
   1056.1144   0.855778
   1056.1630   0.856390
   1056.2116   0.856963
   1056.2602   0.857497
   1056.3088   0.857992
   1056.3574   0.858448
   1056.4061   0.858867
   1056.4547   0.859248
   1056.5033   0.859592
   1056.5520   0.859898
   1056.6006   0.860168
   1056.6492   0.860401
   1056.6979   0.860598
   1056.7465   0.860758
   1056.7952   0.860882
   1056.8438   0.860970
   1056.8925   0.861021
   1056.9411   0.861036
   1056.9898   0.861015
   1057.0384   0.860957
   1057.0871   0.860862
   1057.1357   0.860731
   1057.1844   0.860563
   1057.2331   0.860357
   1057.2817   0.860114
   1057.3304   0.859832
   1057.3791   0.859513
   1057.4277   0.859154
   1057.4764   0.858757
   1057.5251   0.858320
   1057.5738   0.857842
   1057.6225   0.857324
   1057.6711   0.856764
   1057.7198   0.856162
   1057.7685   0.855516
   1057.8172   0.854828
   1057.8659   0.854094
   1057.9146   0.853315
   1057.9633   0.852490
   1058.0120   0.851617
   1058.0607   0.850696
   1058.1094   0.849725
   1058.1581   0.848703
   1058.2068   0.847629
   1058.2555   0.846502
   1058.3042   0.845319
   1058.3530   0.844080
   1058.4017   0.842783
   1058.4504   0.841426
   1058.4991   0.840007
   1058.5478   0.838525
   1058.5966   0.836978
   1058.6453   0.835363
   1058.6940   0.833678
   1058.7428   0.831921
   1058.7915   0.830089
   1058.8402   0.828180
   1058.8890   0.826192
   1058.9377   0.824120
   1058.9865   0.821963
   1059.0352   0.819716
   1059.0840   0.817377
   1059.1327   0.814942
   1059.1815   0.812407
   1059.2302   0.809768
   1059.2790   0.807021
   1059.3277   0.804161
   1059.3765   0.801184
   1059.4253   0.798084
   1059.4740   0.794857
   1059.5228   0.791497
   1059.5716   0.787997
   1059.6203   0.784352
   1059.6691   0.780554
   1059.7179   0.776598
   1059.7667   0.772475
   1059.8155   0.768177
   1059.8643   0.763696
   1059.9130   0.759024
   1059.9618   0.754150
   1060.0106   0.749065
   1060.0594   0.743758
   1060.1082   0.738217
   1060.1570   0.732432
   1060.2058   0.726388
   1060.2546   0.720073
   1060.3034   0.713472
   1060.3522   0.706569
   1060.4010   0.699349
   1060.4499   0.691795
   1060.4987   0.683888
   1060.5475   0.675609
   1060.5963   0.666937
   1060.6451   0.657850
   1060.6939   0.648327
   1060.7428   0.638343
   1060.7916   0.627871
   1060.8404   0.616887
   1060.8893   0.605361
   1060.9381   0.593265
   1060.9869   0.580569
   1061.0358   0.567242
   1061.0846   0.553251
   1061.1335   0.538567
   1061.1823   0.523156
   1061.2312   0.506988
   1061.2800   0.490034
   1061.3289   0.472268
   1061.3777   0.453668
   1061.4266   0.434218
   1061.4754   0.413910
   1061.5243   0.392749
   1061.5732   0.370752
   1061.6220   0.347957
   1061.6709   0.324425
   1061.7198   0.300245
   1061.7686   0.275542
   1061.8175   0.250478
   1061.8664   0.225260
   1061.9153   0.200140
   1061.9641   0.175410
   1062.0130   0.151397
   1062.0619   0.128446
   1062.1108   0.106908
   1062.1597   0.087108
   1062.2086   0.069326
   1062.2575   0.053763
   1062.3064   0.040527
   1062.3553   0.029617
   1062.4042   0.020925
   1062.4531   0.014248
   1062.5020   0.009319
   1062.5509   0.005830
   1062.5998   0.003472
   1062.6487   0.001954
   1062.6976   0.001031
   1062.7466   0.000502
   1062.7955   0.000222
   1062.8444   0.000086
   1062.8933   0.000028
   1062.9423   0.000007
   1062.9912   0.000001
   1063.0401   0.000000
   1063.0891   0.000000
   1063.1380   0.000000
   1063.1869   0.000000
   1063.2359   0.000000
   1063.2848   0.000000
   1063.3338   0.000000
   1063.3827   0.000001
   1063.4317   0.000005
   1063.4806   0.000015
   1063.5296   0.000036
   1063.5785   0.000078
   1063.6275   0.000147
   1063.6764   0.000254
   1063.7254   0.000404
   1063.7744   0.000603
   1063.8233   0.000849
   1063.8723   0.001131
   1063.9213   0.001425
   1063.9702   0.001699
   1064.0192   0.001917
   1064.0682   0.002047
   1064.1172   0.002068
   1064.1662   0.001977
   1064.2151   0.001788
   1064.2641   0.001528
   1064.3131   0.001235
   1064.3621   0.000944
   1064.4111   0.000684
   1064.4601   0.000485
   1064.5091   0.000387
   1064.5581   0.000452
   1064.6071   0.000782
   1064.6561   0.001538
   1064.7051   0.002955
   1064.7541   0.005353
   1064.8032   0.009133
   1064.8522   0.014754
   1064.9012   0.022697
   1064.9502   0.033398
   1064.9992   0.047195
   1065.0482   0.064260
   1065.0973   0.084574
   1065.1463   0.107910
   1065.1953   0.133865
   1065.2444   0.161901
   1065.2934   0.191411
   1065.3424   0.221778
   1065.3915   0.252426
   1065.4405   0.282855
   1065.4896   0.312660
   1065.5386   0.341534
   1065.5877   0.369264
   1065.6367   0.395720
   1065.6858   0.420838
   1065.7348   0.444604
   1065.7839   0.467041
   1065.8329   0.488191
   1065.8820   0.508114
   1065.9311   0.526874
   1065.9801   0.544540
   1066.0292   0.561181
   1066.0783   0.576863
   1066.1273   0.591652
   1066.1764   0.605608
   1066.2255   0.618787
   1066.2746   0.631245
   1066.3237   0.643029
   1066.3727   0.654186
   1066.4218   0.664758
   1066.4709   0.674784
   1066.5200   0.684300
   1066.5691   0.693340
   1066.6182   0.701934
   1066.6673   0.710111
   1066.7164   0.717897
   1066.7655   0.725316
   1066.8146   0.732390
   1066.8637   0.739139
   1066.9128   0.745584
   1066.9619   0.751742
   1067.0111   0.757629
   1067.0602   0.763261
   1067.1093   0.768652
   1067.1584   0.773814
   1067.2075   0.778761
   1067.2567   0.783504
   1067.3058   0.788053
   1067.3549   0.792419
   1067.4040   0.796610
   1067.4532   0.800636
   1067.5023   0.804505
   1067.5515   0.808224
   1067.6006   0.811800
   1067.6497   0.815241
   1067.6989   0.818552
   1067.7480   0.821740
   1067.7972   0.824809
   1067.8463   0.827766
   1067.8955   0.830616
   1067.9447   0.833362
   1067.9938   0.836010
   1068.0430   0.838563
   1068.0921   0.841025
   1068.1413   0.843401
   1068.1905   0.845693
   1068.2396   0.847905
   1068.2888   0.850039
   1068.3380   0.852100
   1068.3872   0.854090
   1068.4364   0.856011
   1068.4855   0.857866
   1068.5347   0.859657
   1068.5839   0.861386
   1068.6331   0.863057
   1068.6823   0.864670
   1068.7315   0.866227
   1068.7807   0.867731
   1068.8299   0.869183
   1068.8791   0.870586
   1068.9283   0.871939
   1068.9775   0.873245
   1069.0267   0.874506
   1069.0759   0.875723
   1069.1251   0.876896
   1069.1743   0.878027
   1069.2235   0.879118
   1069.2728   0.880169
   1069.3220   0.881182
   1069.3712   0.882157
   1069.4204   0.883095
   1069.4697   0.883998
   1069.5189   0.884865
   1069.5681   0.885699
   1069.6173   0.886499
   1069.6666   0.887267
   1069.7158   0.888002
   1069.7651   0.888707
   1069.8143   0.889380
   1069.8636   0.890023
   1069.9128   0.890637
   1069.9620   0.891222
   1070.0113   0.891778
   1070.0606   0.892305
   1070.1098   0.892805
   1070.1591   0.893278
   1070.2083   0.893723
   1070.2576   0.894141
   1070.3069   0.894534
   1070.3561   0.894899
   1070.4054   0.895239
   1070.4547   0.895554
   1070.5039   0.895842
   1070.5532   0.896105
   1070.6025   0.896343
   1070.6518   0.896556
   1070.7011   0.896744
   1070.7504   0.896907
   1070.7996   0.897045
   1070.8489   0.897158
   1070.8982   0.897247
   1070.9475   0.897310
   1070.9968   0.897349
   1071.0461   0.897362
   1071.0954   0.897350
   1071.1447   0.897313
   1071.1940   0.897251
   1071.2433   0.897163
   1071.2927   0.897050
   1071.3420   0.896910
   1071.3913   0.896744
   1071.4406   0.896552
   1071.4899   0.896333
   1071.5392   0.896087
   1071.5886   0.895813
   1071.6379   0.895512
   1071.6872   0.895182
   1071.7366   0.894823
   1071.7859   0.894435
   1071.8352   0.894018
   1071.8846   0.893570
   1071.9339   0.893091
   1071.9833   0.892580
   1072.0326   0.892038
   1072.0819   0.891462
   1072.1313   0.890853
   1072.1806   0.890209
   1072.2300   0.889530
   1072.2794   0.888814
   1072.3287   0.888061
   1072.3781   0.887270
   1072.4274   0.886440
   1072.4768   0.885569
   1072.5262   0.884657
   1072.5755   0.883702
   1072.6249   0.882703
   1072.6743   0.881658
   1072.7237   0.880566
   1072.7731   0.879425
   1072.8224   0.878234
   1072.8718   0.876991
   1072.9212   0.875694
   1072.9706   0.874341
   1073.0200   0.872931
   1073.0694   0.871460
   1073.1188   0.869928
   1073.1682   0.868330
   1073.2176   0.866665
   1073.2670   0.864931
   1073.3164   0.863123
   1073.3658   0.861240
   1073.4152   0.859278
   1073.4646   0.857233
   1073.5140   0.855102
   1073.5634   0.852881
   1073.6129   0.850567
   1073.6623   0.848154
   1073.7117   0.845638
   1073.7611   0.843015
   1073.8105   0.840279
   1073.8600   0.837425
   1073.9094   0.834447
   1073.9588   0.831339
   1074.0083   0.828094
   1074.0577   0.824705
   1074.1072   0.821164
   1074.1566   0.817464
   1074.2060   0.813597
   1074.2555   0.809552
   1074.3049   0.805320
   1074.3544   0.800892
   1074.4039   0.796254
   1074.4533   0.791397
   1074.5028   0.786306
   1074.5522   0.780968
   1074.6017   0.775368
   1074.6512   0.769491
   1074.7006   0.763319
   1074.7501   0.756834
   1074.7996   0.750016
   1074.8490   0.742845
   1074.8985   0.735298
   1074.9480   0.727350
   1074.9975   0.718974
   1075.0470   0.710144
   1075.0965   0.700828
   1075.1459   0.690994
   1075.1954   0.680606
   1075.2449   0.669629
   1075.2944   0.658021
   1075.3439   0.645740
   1075.3934   0.632741
   1075.4429   0.618976
   1075.4924   0.604395
   1075.5419   0.588944
   1075.5914   0.572571
   1075.6410   0.555219
   1075.6905   0.536834
   1075.7400   0.517362
   1075.7895   0.496755
   1075.8390   0.474971
   1075.8885   0.451978
   1075.9381   0.427762
   1075.9876   0.402333
   1076.0371   0.375731
   1076.0867   0.348042
   1076.1362   0.319401
   1076.1857   0.290010
   1076.2353   0.260143
   1076.2848   0.230150
   1076.3344   0.200452
   1076.3839   0.171526
   1076.4334   0.143889
   1076.4830   0.118057
   1076.5325   0.094506
   1076.5821   0.073622
   1076.6317   0.055665
   1076.6812   0.040734
   1076.7308   0.028764
   1076.7803   0.019536
   1076.8299   0.012715
   1076.8795   0.007895
   1076.9291   0.004651
   1076.9786   0.002579
   1077.0282   0.001331
   1077.0778   0.000628
   1077.1274   0.000264
   1077.1769   0.000095
   1077.2265   0.000027
   1077.2761   0.000005
   1077.3257   0.000001
   1077.3753   0.000000
   1077.4249   0.000000
   1077.4745   0.000000
   1077.5241   0.000000
   1077.5737   0.000004
   1077.6233   0.000017
   1077.6729   0.000055
   1077.7225   0.000144
   1077.7721   0.000321
   1077.8217   0.000637
   1077.8713   0.001155
   1077.9209   0.001940
   1077.9706   0.003053
   1078.0202   0.004527
   1078.0698   0.006353
   1078.1194   0.008463
   1078.1691   0.010722
   1078.2187   0.012933
   1078.2683   0.014856
   1078.3180   0.016253
   1078.3676   0.016933
   1078.4172   0.016797
   1078.4669   0.015860
   1078.5165   0.014248
   1078.5662   0.012170
   1078.6158   0.009878
   1078.6655   0.007612
   1078.7151   0.005575
   1078.7648   0.003929
   1078.8144   0.002805
   1078.8641   0.002339
   1078.9138   0.002707
   1078.9634   0.004173
   1079.0131   0.007115
   1079.0628   0.012037
   1079.1124   0.019527
   1079.1621   0.030204
   1079.2118   0.044621
   1079.2615   0.063175
   1079.3111   0.086014
   1079.3608   0.112991
   1079.4105   0.143656
   1079.4602   0.177308
   1079.5099   0.213083
   1079.5596   0.250055
   1079.6093   0.287335
   1079.6590   0.324146
   1079.7087   0.359865
   1079.7584   0.394038
   1079.8081   0.426365
   1079.8578   0.456688
   1079.9075   0.484960
   1079.9572   0.511220
   1080.0069   0.535557
   1080.0566   0.558092
   1080.1063   0.578958
   1080.1560   0.598287
   1080.2058   0.616212
   1080.2555   0.632855
   1080.3052   0.648329
   1080.3549   0.662737
   1080.4047   0.676175
   1080.4544   0.688726
   1080.5041   0.700467
   1080.5539   0.711468
   1080.6036   0.721790
   1080.6534   0.731489
   1080.7031   0.740615
   1080.7529   0.749214
   1080.8026   0.757326
   1080.8524   0.764988
   1080.9021   0.772234
   1080.9519   0.779095
   1081.0016   0.785597
   1081.0514   0.791767
   1081.1012   0.797626
   1081.1509   0.803196
   1081.2007   0.808496
   1081.2505   0.813544
   1081.3002   0.818355
   1081.3500   0.822945
   1081.3998   0.827327
   1081.4496   0.831513
   1081.4993   0.835515
   1081.5491   0.839345
   1081.5989   0.843011
   1081.6487   0.846523
   1081.6985   0.849890
   1081.7483   0.853119
   1081.7981   0.856219
   1081.8479   0.859194
   1081.8977   0.862053
   1081.9475   0.864801
   1081.9973   0.867444
   1082.0471   0.869987
   1082.0969   0.872434
   1082.1467   0.874791
   1082.1965   0.877061
   1082.2463   0.879249
   1082.2961   0.881359
   1082.3460   0.883393
   1082.3958   0.885356
   1082.4456   0.887250
   1082.4954   0.889079
   1082.5453   0.890845
   1082.5951   0.892551
   1082.6449   0.894200
   1082.6948   0.895793
   1082.7446   0.897333
   1082.7944   0.898822
   1082.8443   0.900263
   1082.8941   0.901656
   1082.9440   0.903004
   1082.9938   0.904309
   1083.0437   0.905572
   1083.0935   0.906794
   1083.1434   0.907978
   1083.1933   0.909123
   1083.2431   0.910233
   1083.2930   0.911308
   1083.3428   0.912348
   1083.3927   0.913356
   1083.4426   0.914332
   1083.4925   0.915278
   1083.5423   0.916194
   1083.5922   0.917081
   1083.6421   0.917941
   1083.6920   0.918773
   1083.7419   0.919579
   1083.7917   0.920360
   1083.8416   0.921116
   1083.8915   0.921847
   1083.9414   0.922556
   1083.9913   0.923241
   1084.0412   0.923904
   1084.0911   0.924546
   1084.1410   0.925167
   1084.1909   0.925766
   1084.2408   0.926346
   1084.2907   0.926906
   1084.3407   0.927447
   1084.3906   0.927969
   1084.4405   0.928473
   1084.4904   0.928959
   1084.5403   0.929427
   1084.5902   0.929877
   1084.6402   0.930311
   1084.6901   0.930728
   1084.7400   0.931128
   1084.7900   0.931513
   1084.8399   0.931881
   1084.8898   0.932234
   1084.9398   0.932571
   1084.9897   0.932893
   1085.0397   0.933200
   1085.0896   0.933492
   1085.1396   0.933769
   1085.1895   0.934032
   1085.2395   0.934280
   1085.2894   0.934514
   1085.3394   0.934734
   1085.3893   0.934939
   1085.4393   0.935131
   1085.4893   0.935309
   1085.5392   0.935472
   1085.5892   0.935622
   1085.6392   0.935758
   1085.6891   0.935880
   1085.7391   0.935989
   1085.7891   0.936083
   1085.8391   0.936164
   1085.8891   0.936231
   1085.9390   0.936284
   1085.9890   0.936324
   1086.0390   0.936349
   1086.0890   0.936360
   1086.1390   0.936356
   1086.1890   0.936339
   1086.2390   0.936307
   1086.2890   0.936261
   1086.3390   0.936199
   1086.3890   0.936123
   1086.4390   0.936032
   1086.4890   0.935926
   1086.5391   0.935804
   1086.5891   0.935666
   1086.6391   0.935513
   1086.6891   0.935343
   1086.7391   0.935157
   1086.7892   0.934953
   1086.8392   0.934733
   1086.8892   0.934495
   1086.9392   0.934239
   1086.9893   0.933965
   1087.0393   0.933673
   1087.0893   0.933361
   1087.1394   0.933029
   1087.1894   0.932678
   1087.2395   0.932305
   1087.2895   0.931912
   1087.3396   0.931496
   1087.3896   0.931058
   1087.4397   0.930597
   1087.4897   0.930113
   1087.5398   0.929603
   1087.5899   0.929069
   1087.6399   0.928508
   1087.6900   0.927920
   1087.7401   0.927305
   1087.7901   0.926660
   1087.8402   0.925985
   1087.8903   0.925279
   1087.9404   0.924542
   1087.9904   0.923770
   1088.0405   0.922964
   1088.0906   0.922122
   1088.1407   0.921242
   1088.1908   0.920323
   1088.2409   0.919363
   1088.2910   0.918361
   1088.3411   0.917315
   1088.3912   0.916222
   1088.4413   0.915081
   1088.4914   0.913889
   1088.5415   0.912645
   1088.5916   0.911345
   1088.6417   0.909987
   1088.6918   0.908568
   1088.7419   0.907086
   1088.7920   0.905536
   1088.8421   0.903916
   1088.8923   0.902221
   1088.9424   0.900448
   1088.9925   0.898593
   1089.0426   0.896652
   1089.0928   0.894618
   1089.1429   0.892488
   1089.1930   0.890255
   1089.2432   0.887913
   1089.2933   0.885457
   1089.3435   0.882879
   1089.3936   0.880172
   1089.4438   0.877328
   1089.4939   0.874337
   1089.5441   0.871191
   1089.5942   0.867879
   1089.6444   0.864390
   1089.6945   0.860712
   1089.7447   0.856832
   1089.7948   0.852736
   1089.8450   0.848408
   1089.8952   0.843831
   1089.9453   0.838988
   1089.9955   0.833856
   1090.0457   0.828415
   1090.0959   0.822640
   1090.1461   0.816504
   1090.1962   0.809978
   1090.2464   0.803030
   1090.2966   0.795623
   1090.3468   0.787718
   1090.3970   0.779272
   1090.4472   0.770237
   1090.4974   0.760558
   1090.5476   0.750178
   1090.5978   0.739029
   1090.6480   0.727040
   1090.6982   0.714130
   1090.7484   0.700210
   1090.7986   0.685183
   1090.8488   0.668940
   1090.8990   0.651364
   1090.9492   0.632329
   1090.9994   0.611701
   1091.0497   0.589339
   1091.0999   0.565104
   1091.1501   0.538863
   1091.2003   0.510505
   1091.2506   0.479957
   1091.3008   0.447212
   1091.3510   0.412360
   1091.4013   0.375614
   1091.4515   0.337341
   1091.5018   0.298068
   1091.5520   0.258490
   1091.6023   0.219453
   1091.6525   0.181899
   1091.7027   0.146784
   1091.7530   0.114979
   1091.8033   0.087166
   1091.8535   0.063755
   1091.9038   0.044845
   1091.9540   0.030226
   1092.0043   0.019442
   1092.0546   0.011872
   1092.1048   0.006834
   1092.1551   0.003670
   1092.2054   0.001809
   1092.2557   0.000796
   1092.3059   0.000299
   1092.3562   0.000088
   1092.4065   0.000018
   1092.4568   0.000003
   1092.5071   0.000007
   1092.5574   0.000039
   1092.6077   0.000147
   1092.6580   0.000419
   1092.7083   0.000995
   1092.7586   0.002076
   1092.8089   0.003932
   1092.8592   0.006901
   1092.9095   0.011354
   1092.9598   0.017650
   1093.0101   0.026056
   1093.0604   0.036660
   1093.1107   0.049294
   1093.1610   0.063482
   1093.2113   0.078433
   1093.2617   0.093108
   1093.3120   0.106328
   1093.3623   0.116921
   1093.4127   0.123857
   1093.4630   0.126395
   1093.5133   0.124213
   1093.5637   0.117469
   1093.6140   0.106796
   1093.6643   0.093214
   1093.7147   0.077988
   1093.7650   0.062456
   1093.8154   0.047880
   1093.8657   0.035316
   1093.9161   0.025552
   1093.9664   0.019138
   1094.0168   0.016498
   1094.0671   0.018049
   1094.1175   0.024286
   1094.1679   0.035791
   1094.2182   0.053153
   1094.2686   0.076816
   1094.3190   0.106912
   1094.3694   0.143124
   1094.4197   0.184652
   1094.4701   0.230284
   1094.5205   0.278523
   1094.5709   0.327766
   1094.6213   0.376503
   1094.6716   0.423465
   1094.7220   0.467717
   1094.7724   0.508675
   1094.8228   0.546061
   1094.8732   0.579832
   1094.9236   0.610123
   1094.9740   0.637197
   1095.0244   0.661383
   1095.0748   0.683015
   1095.1252   0.702411
   1095.1756   0.719857
   1095.2261   0.735602
   1095.2765   0.749863
   1095.3269   0.762825
   1095.3773   0.774646
   1095.4277   0.785462
   1095.4782   0.795389
   1095.5286   0.804527
   1095.5790   0.812962
   1095.6294   0.820768
   1095.6799   0.828010
   1095.7303   0.834745
   1095.7808   0.841022
   1095.8312   0.846883
   1095.8816   0.852367
   1095.9321   0.857508
   1095.9825   0.862335
   1096.0330   0.866875
   1096.0834   0.871152
   1096.1339   0.875186
   1096.1843   0.878997
   1096.2348   0.882602
   1096.2853   0.886017
   1096.3357   0.889254
   1096.3862   0.892327
   1096.4367   0.895248
   1096.4871   0.898027
   1096.5376   0.900673
   1096.5881   0.903194
   1096.6386   0.905600
   1096.6890   0.907898
   1096.7395   0.910093
   1096.7900   0.912193
   1096.8405   0.914203
   1096.8910   0.916128
   1096.9415   0.917973
   1096.9920   0.919742
   1097.0425   0.921441
   1097.0930   0.923072
   1097.1435   0.924640
   1097.1940   0.926147
   1097.2445   0.927597
   1097.2950   0.928993
   1097.3455   0.930337
   1097.3960   0.931633
   1097.4465   0.932882
   1097.4970   0.934086
   1097.5476   0.935249
   1097.5981   0.936371
   1097.6486   0.937454
   1097.6991   0.938502
   1097.7497   0.939514
   1097.8002   0.940492
   1097.8507   0.941439
   1097.9013   0.942355
   1097.9518   0.943241
   1098.0023   0.944100
   1098.0529   0.944931
   1098.1034   0.945737
   1098.1540   0.946518
   1098.2045   0.947275
   1098.2551   0.948009
   1098.3056   0.948721
   1098.3562   0.949412
   1098.4068   0.950083
   1098.4573   0.950733
   1098.5079   0.951365
   1098.5584   0.951979
   1098.6090   0.952575
   1098.6596   0.953155
   1098.7102   0.953717
   1098.7607   0.954264
   1098.8113   0.954796
   1098.8619   0.955313
   1098.9125   0.955815
   1098.9631   0.956304
   1099.0137   0.956780
   1099.0642   0.957242
   1099.1148   0.957692
   1099.1654   0.958130
   1099.2160   0.958555
   1099.2666   0.958970
   1099.3172   0.959373
   1099.3678   0.959765
   1099.4184   0.960147
   1099.4690   0.960519
   1099.5197   0.960881
   1099.5703   0.961233
   1099.6209   0.961576
   1099.6715   0.961909
   1099.7221   0.962234
   1099.7727   0.962550
   1099.8234   0.962858
   1099.8740   0.963157
   1099.9246   0.963448
   1099.9753   0.963731
   1100.0259   0.964007
   1100.0765   0.964275
   1100.1272   0.964535
   1100.1778   0.964788
   1100.2284   0.965035
   1100.2791   0.965274
   1100.3297   0.965506
   1100.3804   0.965732
   1100.4310   0.965951
   1100.4817   0.966164
   1100.5324   0.966371
   1100.5830   0.966571
   1100.6337   0.966765
   1100.6843   0.966953
   1100.7350   0.967135
   1100.7857   0.967312
   1100.8363   0.967482
   1100.8870   0.967647
   1100.9377   0.967806
   1100.9884   0.967960
   1101.0391   0.968108
   1101.0897   0.968251
   1101.1404   0.968388
   1101.1911   0.968520
   1101.2418   0.968646
   1101.2925   0.968768
   1101.3432   0.968884
   1101.3939   0.968994
   1101.4446   0.969100
   1101.4953   0.969200
   1101.5460   0.969296
   1101.5967   0.969386
   1101.6474   0.969471
   1101.6981   0.969550
   1101.7488   0.969625
   1101.7995   0.969694
   1101.8503   0.969759
   1101.9010   0.969818
   1101.9517   0.969871
   1102.0024   0.969920
   1102.0532   0.969963
   1102.1039   0.970002
   1102.1546   0.970034
   1102.2054   0.970062
   1102.2561   0.970083
   1102.3068   0.970100
   1102.3576   0.970111
   1102.4083   0.970116
   1102.4591   0.970115
   1102.5098   0.970109
   1102.5606   0.970097
   1102.6113   0.970079
   1102.6621   0.970055
   1102.7128   0.970024
   1102.7636   0.969988
   1102.8143   0.969945
   1102.8651   0.969895
   1102.9159   0.969839
   1102.9666   0.969776
   1103.0174   0.969706
   1103.0682   0.969629
   1103.1190   0.969544
   1103.1697   0.969452
   1103.2205   0.969352
   1103.2713   0.969244
   1103.3221   0.969128
   1103.3729   0.969004
   1103.4237   0.968871
   1103.4745   0.968729
   1103.5253   0.968577
   1103.5761   0.968417
   1103.6269   0.968246
   1103.6777   0.968065
   1103.7285   0.967873
   1103.7793   0.967671
   1103.8301   0.967457
   1103.8809   0.967232
   1103.9317   0.966994
   1103.9825   0.966743
   1104.0333   0.966479
   1104.0842   0.966202
   1104.1350   0.965910
   1104.1858   0.965603
   1104.2366   0.965280
   1104.2875   0.964940
   1104.3383   0.964584
   1104.3891   0.964210
   1104.4400   0.963817
   1104.4908   0.963404
   1104.5417   0.962970
   1104.5925   0.962515
   1104.6433   0.962036
   1104.6942   0.961534
   1104.7450   0.961006
   1104.7959   0.960452
   1104.8467   0.959869
   1104.8976   0.959256
   1104.9485   0.958612
   1104.9993   0.957935
   1105.0502   0.957222
   1105.1011   0.956471
   1105.1519   0.955681
   1105.2028   0.954848
   1105.2537   0.953970
   1105.3046   0.953043
   1105.3554   0.952066
   1105.4063   0.951033
   1105.4572   0.949942
   1105.5081   0.948788
   1105.5590   0.947566
   1105.6099   0.946272
   1105.6608   0.944900
   1105.7117   0.943444
   1105.7626   0.941898
   1105.8135   0.940253
   1105.8644   0.938502
   1105.9153   0.936636
   1105.9662   0.934645
   1106.0171   0.932517
   1106.0680   0.930241
   1106.1189   0.927801
   1106.1698   0.925184
   1106.2207   0.922371
   1106.2717   0.919342
   1106.3226   0.916074
   1106.3735   0.912543
   1106.4244   0.908719
   1106.4754   0.904569
   1106.5263   0.900054
   1106.5772   0.895130
   1106.6282   0.889747
   1106.6791   0.883843
   1106.7301   0.877350
   1106.7810   0.870186
   1106.8320   0.862254
   1106.8829   0.853438
   1106.9339   0.843601
   1106.9848   0.832578
   1107.0358   0.820170
   1107.0867   0.806136
   1107.1377   0.790182
   1107.1886   0.771956
   1107.2396   0.751033
   1107.2906   0.726916
   1107.3416   0.699056
   1107.3925   0.666900
   1107.4435   0.629996
   1107.4945   0.588062
   1107.5455   0.541035
   1107.5964   0.489225
   1107.6474   0.433431
   1107.6984   0.374991
   1107.7494   0.315732
   1107.8004   0.257826
   1107.8514   0.203522
   1107.9024   0.154798
   1107.9534   0.113110
   1108.0044   0.079222
   1108.0554   0.053139
   1108.1064   0.034201
   1108.1574   0.021287
   1108.2084   0.013063
   1108.2594   0.008202
   1108.3104   0.005586
   1108.3615   0.004472
   1108.4125   0.004503
   1108.4635   0.005683
   1108.5145   0.008379
   1108.5656   0.013330
   1108.6166   0.021612
   1108.6676   0.034457
   1108.7186   0.053050
   1108.7697   0.078315
   1108.8207   0.110683
   1108.8718   0.149910
   1108.9228   0.195013
   1108.9739   0.244354
   1109.0249   0.295786
   1109.0760   0.346923
   1109.1270   0.395447
   1109.1781   0.439315
   1109.2291   0.476850
   1109.2802   0.506741
   1109.3312   0.527962
   1109.3823   0.539703
   1109.4334   0.541396
   1109.4844   0.532696
   1109.5355   0.513445
   1109.5866   0.483864
   1109.6377   0.444727
   1109.6887   0.397568
   1109.7398   0.344919
   1109.7909   0.290102
   1109.8420   0.236937
   1109.8931   0.189422
   1109.9442   0.151346
   1109.9953   0.125918
   1110.0464   0.115463
   1110.0975   0.121231
   1110.1486   0.143300
   1110.1997   0.180562
   1110.2508   0.230815
   1110.3019   0.290967
   1110.3530   0.357367
   1110.4041   0.426214
   1110.4552   0.493965
   1110.5063   0.557674
   1110.5574   0.615343
   1110.6086   0.665998
   1110.6597   0.709440
   1110.7108   0.746046
   1110.7619   0.776524
   1110.8131   0.801655
   1110.8642   0.822335
   1110.9153   0.839462
   1110.9665   0.853790
   1111.0176   0.865909
   1111.0688   0.876270
   1111.1199   0.885215
   1111.1710   0.893007
   1111.2222   0.899849
   1111.2733   0.905901
   1111.3245   0.911289
   1111.3757   0.916115
   1111.4268   0.920460
   1111.4780   0.924391
   1111.5291   0.927963
   1111.5803   0.931223
   1111.6315   0.934209
   1111.6826   0.936953
   1111.7338   0.939483
   1111.7850   0.941823
   1111.8362   0.943993
   1111.8873   0.946009
   1111.9385   0.947889
   1111.9897   0.949644
   1112.0409   0.951286
   1112.0921   0.952826
   1112.1433   0.954273
   1112.1945   0.955634
   1112.2457   0.956918
   1112.2969   0.958129
   1112.3481   0.959274
   1112.3993   0.960358
   1112.4505   0.961386
   1112.5017   0.962361
   1112.5529   0.963288
   1112.6041   0.964170
   1112.6553   0.965010
   1112.7065   0.965811
   1112.7578   0.966575
   1112.8090   0.967305
   1112.8602   0.968003
   1112.9114   0.968671
   1112.9627   0.969311
   1113.0139   0.969924
   1113.0651   0.970513
   1113.1164   0.971077
   1113.1676   0.971620
   1113.2189   0.972142
   1113.2701   0.972643
   1113.3213   0.973126
   1113.3726   0.973592
   1113.4238   0.974040
   1113.4751   0.974473
   1113.5263   0.974890
   1113.5776   0.975293
   1113.6289   0.975683
   1113.6801   0.976059
   1113.7314   0.976423
   1113.7827   0.976775
   1113.8339   0.977116
   1113.8852   0.977446
   1113.9365   0.977766
   1113.9878   0.978076
   1114.0390   0.978376
   1114.0903   0.978668
   1114.1416   0.978951
   1114.1929   0.979226
   1114.2442   0.979492
   1114.2955   0.979752
   1114.3468   0.980004
   1114.3981   0.980249
   1114.4493   0.980487
   1114.5006   0.980719
   1114.5520   0.980945
   1114.6033   0.981165
   1114.6546   0.981379
   1114.7059   0.981588
   1114.7572   0.981791
   1114.8085   0.981989
   1114.8598   0.982183
   1114.9111   0.982371
   1114.9625   0.982555
   1115.0138   0.982735
   1115.0651   0.982910
   1115.1164   0.983081
   1115.1678   0.983249
   1115.2191   0.983412
   1115.2704   0.983572
   1115.3218   0.983728
   1115.3731   0.983881
   1115.4245   0.984030
   1115.4758   0.984176
   1115.5271   0.984319
   1115.5785   0.984459
   1115.6299   0.984595
   1115.6812   0.984730
   1115.7326   0.984861
   1115.7839   0.984989
   1115.8353   0.985115
   1115.8866   0.985239
   1115.9380   0.985360
   1115.9894   0.985478
   1116.0408   0.985595
   1116.0921   0.985709
   1116.1435   0.985821
   1116.1949   0.985931
   1116.2463   0.986038
   1116.2976   0.986144
   1116.3490   0.986248
   1116.4004   0.986350
   1116.4518   0.986450
   1116.5032   0.986548
   1116.5546   0.986644
   1116.6060   0.986739
   1116.6574   0.986832
   1116.7088   0.986924
   1116.7602   0.987014
   1116.8116   0.987102
   1116.8630   0.987189
   1116.9144   0.987275
   1116.9658   0.987359
   1117.0173   0.987441
   1117.0687   0.987523
   1117.1201   0.987603
   1117.1715   0.987682
   1117.2229   0.987759
   1117.2744   0.987835
   1117.3258   0.987910
   1117.3772   0.987984
   1117.4287   0.988057
   1117.4801   0.988129
   1117.5315   0.988200
   1117.5830   0.988269
   1117.6344   0.988338
   1117.6859   0.988405
   1117.7373   0.988472
   1117.7888   0.988537
   1117.8402   0.988602
   1117.8917   0.988666
   1117.9431   0.988729
   1117.9946   0.988791
   1118.0461   0.988852
   1118.0975   0.988912
   1118.1490   0.988972
   1118.2005   0.989030
   1118.2519   0.989088
   1118.3034   0.989145
   1118.3549   0.989201
   1118.4064   0.989257
   1118.4579   0.989312
   1118.5093   0.989366
   1118.5608   0.989419
   1118.6123   0.989472
   1118.6638   0.989524
   1118.7153   0.989575
   1118.7668   0.989626
   1118.8183   0.989676
   1118.8698   0.989726
   1118.9213   0.989775
   1118.9728   0.989823
   1119.0243   0.989871
   1119.0758   0.989918
   1119.1273   0.989964
   1119.1789   0.990011
   1119.2304   0.990056
   1119.2819   0.990101
   1119.3334   0.990146
   1119.3849   0.990189
   1119.4365   0.990233
   1119.4880   0.990276
   1119.5395   0.990318
   1119.5911   0.990360
   1119.6426   0.990402
   1119.6941   0.990443
   1119.7457   0.990484
   1119.7972   0.990524
   1119.8488   0.990564
   1119.9003   0.990603
   1119.9519   0.990642
   1120.0034   0.990680
   1120.0550   0.990718
   1120.1065   0.990756
   1120.1581   0.990793
   1120.2097   0.990830
   1120.2612   0.990867
   1120.3128   0.990903
   1120.3644   0.990939
   1120.4159   0.990974
   1120.4675   0.991009
   1120.5191   0.991044
   1120.5707   0.991078
   1120.6223   0.991112
   1120.6738   0.991146
   1120.7254   0.991180
   1120.7770   0.991213
   1120.8286   0.991245
   1120.8802   0.991278
   1120.9318   0.991310
   1120.9834   0.991342
   1121.0350   0.991373
   1121.0866   0.991405
   1121.1382   0.991436
   1121.1898   0.991466
   1121.2414   0.991497
   1121.2930   0.991527
   1121.3447   0.991557
   1121.3963   0.991586
   1121.4479   0.991615
   1121.4995   0.991644
   1121.5511   0.991673
   1121.6028   0.991702
   1121.6544   0.991730
   1121.7060   0.991758
   1121.7577   0.991786
   1121.8093   0.991814
   1121.8609   0.991841
   1121.9126   0.991868
   1121.9642   0.991895
   1122.0159   0.991922
   1122.0675   0.991948
   1122.1192   0.991974
   1122.1708   0.992000
   1122.2225   0.992026
   1122.2741   0.992052
   1122.3258   0.992077
   1122.3775   0.992102
   1122.4291   0.992127
   1122.4808   0.992152
   1122.5325   0.992176
   1122.5841   0.992201
   1122.6358   0.992225
   1122.6875   0.992249
   1122.7392   0.992273
   1122.7908   0.992296
   1122.8425   0.992320
   1122.8942   0.992343
   1122.9459   0.992366
   1122.9976   0.992389
   1123.0493   0.992412
   1123.1010   0.992434
   1123.1527   0.992457
   1123.2044   0.992479
   1123.2561   0.992501
   1123.3078   0.992523
   1123.3595   0.992545
   1123.4112   0.992567
   1123.4629   0.992588
   1123.5146   0.992609
   1123.5664   0.992630
   1123.6181   0.992651
   1123.6698   0.992672
   1123.7215   0.992693
   1123.7733   0.992714
   1123.8250   0.992734
   1123.8767   0.992754
   1123.9284   0.992774
   1123.9802   0.992794
   1124.0319   0.992814
   1124.0837   0.992834
   1124.1354   0.992854
   1124.1872   0.992873
   1124.2389   0.992892
   1124.2907   0.992912
   1124.3424   0.992931
   1124.3942   0.992950
   1124.4459   0.992968
   1124.4977   0.992987
   1124.5494   0.993006
   1124.6012   0.993024
   1124.6530   0.993042
   1124.7047   0.993061
   1124.7565   0.993079
   1124.8083   0.993097
   1124.8601   0.993115
   1124.9118   0.993132
   1124.9636   0.993150
   1125.0154   0.993168
   1125.0672   0.993185
   1125.1190   0.993202
   1125.1708   0.993220
   1125.2226   0.993237
   1125.2744   0.993254
   1125.3262   0.993271
   1125.3780   0.993287
   1125.4298   0.993304
   1125.4816   0.993321
   1125.5334   0.993337
   1125.5852   0.993354
   1125.6370   0.993370
   1125.6888   0.993386
   1125.7406   0.993402
   1125.7925   0.993418
   1125.8443   0.993434
   1125.8961   0.993450
   1125.9479   0.993466
   1125.9998   0.993481
   1126.0516   0.993497
   1126.1034   0.993512
   1126.1553   0.993528
   1126.2071   0.993543
   1126.2589   0.993558
   1126.3108   0.993573
   1126.3626   0.993588
   1126.4145   0.993603
   1126.4663   0.993618
   1126.5182   0.993633
   1126.5700   0.993648
   1126.6219   0.993662
   1126.6738   0.993677
   1126.7256   0.993692
   1126.7775   0.993706
   1126.8294   0.993720
   1126.8812   0.993734
   1126.9331   0.993749
   1126.9850   0.993763
   1127.0369   0.993777
   1127.0887   0.993791
   1127.1406   0.993805
   1127.1925   0.993818
   1127.2444   0.993832
   1127.2963   0.993846
   1127.3482   0.993859
   1127.4001   0.993873
   1127.4520   0.993886
   1127.5039   0.993900
   1127.5558   0.993913
   1127.6077   0.993926
   1127.6596   0.993939
   1127.7115   0.993953
   1127.7634   0.993966
   1127.8153   0.993979
   1127.8672   0.993992
   1127.9191   0.994004
   1127.9711   0.994017
   1128.0230   0.994030
   1128.0749   0.994043
   1128.1268   0.994055
   1128.1788   0.994068
   1128.2307   0.994080
   1128.2826   0.994093
   1128.3346   0.994105
   1128.3865   0.994117
   1128.4384   0.994130
   1128.4904   0.994142
   1128.5423   0.994154
   1128.5943   0.994166
   1128.6462   0.994178
   1128.6982   0.994190
   1128.7501   0.994202
   1128.8021   0.994214
   1128.8541   0.994225
   1128.9060   0.994237
   1128.9580   0.994249
   1129.0100   0.994260
   1129.0619   0.994272
   1129.1139   0.994284
   1129.1659   0.994295
   1129.2179   0.994306
   1129.2698   0.994318
   1129.3218   0.994329
   1129.3738   0.994340
   1129.4258   0.994352
   1129.4778   0.994363
   1129.5298   0.994374
   1129.5818   0.994385
   1129.6338   0.994396
   1129.6858   0.994407
   1129.7378   0.994418
   1129.7898   0.994429
   1129.8418   0.994439
   1129.8938   0.994450
   1129.9458   0.994461
   1129.9978   0.994471
   1130.0498   0.994482
   1130.1018   0.994493
   1130.1539   0.994503
   1130.2059   0.994514
   1130.2579   0.994524
   1130.3099   0.994535
   1130.3620   0.994545
   1130.4140   0.994555
   1130.4660   0.994566
   1130.5181   0.994576
   1130.5701   0.994586
   1130.6222   0.994596
   1130.6742   0.994606
   1130.7262   0.994616
   1130.7783   0.994626
   1130.8303   0.994636
   1130.8824   0.994646
   1130.9345   0.994656
   1130.9865   0.994666
   1131.0386   0.994676
   1131.0906   0.994686
   1131.1427   0.994695
   1131.1948   0.994705
   1131.2468   0.994715
   1131.2989   0.994724
   1131.3510   0.994734
   1131.4031   0.994743
   1131.4552   0.994753
   1131.5072   0.994762
   1131.5593   0.994772
   1131.6114   0.994781
   1131.6635   0.994790
   1131.7156   0.994800
   1131.7677   0.994809
   1131.8198   0.994818
   1131.8719   0.994828
   1131.9240   0.994837
   1131.9761   0.994846
   1132.0282   0.994855
   1132.0803   0.994864
   1132.1324   0.994873
   1132.1845   0.994882
   1132.2367   0.994891
   1132.2888   0.994900
   1132.3409   0.994909
   1132.3930   0.994918
   1132.4451   0.994926
   1132.4973   0.994935
   1132.5494   0.994944
   1132.6015   0.994953
   1132.6537   0.994961
   1132.7058   0.994970
   1132.7580   0.994979
   1132.8101   0.994987
   1132.8622   0.994996
   1132.9144   0.995005
   1132.9665   0.995013
   1133.0187   0.995022
   1133.0708   0.995030
   1133.1230   0.995038
   1133.1752   0.995047
   1133.2273   0.995055
   1133.2795   0.995064
   1133.3317   0.995072
   1133.3838   0.995080
   1133.4360   0.995088
   1133.4882   0.995097
   1133.5403   0.995105
   1133.5925   0.995113
   1133.6447   0.995121
   1133.6969   0.995129
   1133.7491   0.995137
   1133.8013   0.995145
   1133.8535   0.995153
   1133.9057   0.995161
   1133.9578   0.995169
   1134.0100   0.995177
   1134.0622   0.995185
   1134.1144   0.995193
   1134.1667   0.995201
   1134.2189   0.995209
   1134.2711   0.995216
   1134.3233   0.995224
   1134.3755   0.995232
   1134.4277   0.995240
   1134.4799   0.995247
   1134.5322   0.995255
   1134.5844   0.995263
   1134.6366   0.995270
   1134.6888   0.995278
   1134.7411   0.995286
   1134.7933   0.995293
   1134.8455   0.995301
   1134.8978   0.995308
   1134.9500   0.995315
   1135.0023   0.995323
   1135.0545   0.995330
   1135.1068   0.995338
   1135.1590   0.995345
   1135.2113   0.995352
   1135.2635   0.995360
   1135.3158   0.995367
   1135.3680   0.995374
   1135.4203   0.995381
   1135.4726   0.995389
   1135.5248   0.995396
   1135.5771   0.995403
   1135.6294   0.995410
   1135.6817   0.995417
   1135.7339   0.995424
   1135.7862   0.995431
   1135.8385   0.995438
   1135.8908   0.995445
   1135.9431   0.995453
   1135.9954   0.995459
   1136.0476   0.995466
   1136.0999   0.995473
   1136.1522   0.995480
   1136.2045   0.995487
   1136.2568   0.995494
   1136.3091   0.995501
   1136.3615   0.995508
   1136.4138   0.995515
   1136.4661   0.995521
   1136.5184   0.995528
   1136.5707   0.995535
   1136.6230   0.995542
   1136.6753   0.995548
   1136.7277   0.995555
   1136.7800   0.995562
   1136.8323   0.995568
   1136.8846   0.995575
   1136.9370   0.995582
   1136.9893   0.995588
   1137.0417   0.995595
   1137.0940   0.995601
   1137.1463   0.995608
   1137.1987   0.995614
   1137.2510   0.995621
   1137.3034   0.995627
   1137.3557   0.995634
   1137.4081   0.995640
   1137.4604   0.995647
   1137.5128   0.995653
   1137.5652   0.995659
   1137.6175   0.995666
   1137.6699   0.995672
   1137.7223   0.995678
   1137.7746   0.995685
   1137.8270   0.995691
   1137.8794   0.995697
   1137.9318   0.995703
   1137.9841   0.995710
   1138.0365   0.995716
   1138.0889   0.995722
   1138.1413   0.995728
   1138.1937   0.995734
   1138.2461   0.995740
   1138.2985   0.995747
   1138.3509   0.995753
   1138.4033   0.995759
   1138.4557   0.995765
   1138.5081   0.995771
   1138.5605   0.995777
   1138.6129   0.995783
   1138.6653   0.995789
   1138.7177   0.995795
   1138.7701   0.995801
   1138.8226   0.995807
   1138.8750   0.995813
   1138.9274   0.995819
   1138.9798   0.995825
   1139.0323   0.995830
   1139.0847   0.995836
   1139.1371   0.995842
   1139.1896   0.995848
   1139.2420   0.995854
   1139.2945   0.995860
   1139.3469   0.995865
   1139.3993   0.995871
   1139.4518   0.995877
   1139.5042   0.995883
   1139.5567   0.995888
   1139.6092   0.995894
   1139.6616   0.995900
   1139.7141   0.995905
   1139.7665   0.995911
   1139.8190   0.995917
   1139.8715   0.995922
   1139.9239   0.995928
   1139.9764   0.995933
   1140.0289   0.995939
   1140.0814   0.995945
   1140.1338   0.995950
   1140.1863   0.995956
   1140.2388   0.995961
   1140.2913   0.995967
   1140.3438   0.995972
   1140.3963   0.995978
   1140.4488   0.995983
   1140.5013   0.995989
   1140.5538   0.995994
   1140.6063   0.995999
   1140.6588   0.996005
   1140.7113   0.996010
   1140.7638   0.996016
   1140.8163   0.996021
   1140.8688   0.996026
   1140.9213   0.996032
   1140.9739   0.996037
   1141.0264   0.996042
   1141.0789   0.996048
   1141.1314   0.996053
   1141.1840   0.996058
   1141.2365   0.996064
   1141.2890   0.996069
   1141.3416   0.996074
   1141.3941   0.996079
   1141.4466   0.996084
   1141.4992   0.996090
   1141.5517   0.996095
   1141.6043   0.996100
   1141.6568   0.996105
   1141.7094   0.996110
   1141.7619   0.996115
   1141.8145   0.996120
   1141.8670   0.996125
   1141.9196   0.996131
   1141.9722   0.996136
   1142.0247   0.996141
   1142.0773   0.996146
   1142.1299   0.996151
   1142.1825   0.996156
   1142.2350   0.996161
   1142.2876   0.996166
   1142.3402   0.996171
   1142.3928   0.996176
   1142.4454   0.996181
   1142.4980   0.996186
   1142.5505   0.996191
   1142.6031   0.996195
   1142.6557   0.996200
   1142.7083   0.996205
   1142.7609   0.996210
   1142.8135   0.996215
   1142.8661   0.996220
   1142.9187   0.996225
   1142.9714   0.996230
   1143.0240   0.996234
   1143.0766   0.996239
   1143.1292   0.996244
   1143.1818   0.996249
   1143.2344   0.996254
   1143.2871   0.996258
   1143.3397   0.996263
   1143.3923   0.996268
   1143.4450   0.996272
   1143.4976   0.996277
   1143.5502   0.996282
   1143.6029   0.996287
   1143.6555   0.996291
   1143.7082   0.996296
   1143.7608   0.996301
   1143.8135   0.996305
   1143.8661   0.996310
   1143.9188   0.996314
   1143.9714   0.996319
   1144.0241   0.996324
   1144.0767   0.996328
   1144.1294   0.996333
   1144.1821   0.996337
   1144.2347   0.996342
   1144.2874   0.996347
   1144.3401   0.996351
   1144.3928   0.996356
   1144.4454   0.996360
   1144.4981   0.996365
   1144.5508   0.996369
   1144.6035   0.996374
   1144.6562   0.996378
   1144.7089   0.996383
   1144.7616   0.996387
   1144.8143   0.996391
   1144.8670   0.996396
   1144.9197   0.996400
   1144.9724   0.996405
   1145.0251   0.996409
   1145.0778   0.996414
   1145.1305   0.996418
   1145.1832   0.996422
   1145.2359   0.996427
   1145.2886   0.996431
   1145.3413   0.996435
   1145.3941   0.996440
   1145.4468   0.996444
   1145.4995   0.996448
   1145.5523   0.996453
   1145.6050   0.996457
   1145.6577   0.996461
   1145.7105   0.996466
   1145.7632   0.996470
   1145.8159   0.996474
   1145.8687   0.996478
   1145.9214   0.996482
   1145.9742   0.996487
   1146.0269   0.996491
   1146.0797   0.996495
   1146.1324   0.996499
   1146.1852   0.996503
   1146.2380   0.996508
   1146.2907   0.996512
   1146.3435   0.996516
   1146.3963   0.996520
   1146.4490   0.996524
   1146.5018   0.996528
   1146.5546   0.996532
   1146.6073   0.996537
   1146.6601   0.996541
   1146.7129   0.996545
   1146.7657   0.996549
   1146.8185   0.996553
   1146.8713   0.996557
   1146.9241   0.996561
   1146.9769   0.996565
   1147.0297   0.996569
   1147.0825   0.996573
   1147.1353   0.996577
   1147.1881   0.996581
   1147.2409   0.996585
   1147.2937   0.996589
   1147.3465   0.996593
   1147.3993   0.996597
   1147.4521   0.996601
   1147.5049   0.996605
   1147.5578   0.996609
   1147.6106   0.996613
   1147.6634   0.996617
   1147.7162   0.996621
   1147.7691   0.996625
   1147.8219   0.996629
   1147.8748   0.996633
   1147.9276   0.996637
   1147.9804   0.996641
   1148.0333   0.996644
   1148.0861   0.996648
   1148.1390   0.996652
   1148.1918   0.996656
   1148.2447   0.996660
   1148.2975   0.996664
   1148.3504   0.996668
   1148.4032   0.996671
   1148.4561   0.996675
   1148.5090   0.996679
   1148.5618   0.996683
   1148.6147   0.996687
   1148.6676   0.996690
   1148.7205   0.996694
   1148.7733   0.996698
   1148.8262   0.996702
   1148.8791   0.996706
   1148.9320   0.996709
   1148.9849   0.996713
   1149.0378   0.996717
   1149.0907   0.996720
   1149.1436   0.996724
   1149.1965   0.996728
   1149.2494   0.996732
   1149.3023   0.996735
   1149.3552   0.996739
   1149.4081   0.996743
   1149.4610   0.996746
   1149.5139   0.996750
   1149.5668   0.996754
   1149.6197   0.996757
   1149.6726   0.996761
   1149.7256   0.996765
   1149.7785   0.996768
   1149.8314   0.996772
   1149.8843   0.996775
   1149.9373   0.996779
   1149.9902   0.996782
   1150.0431   0.996786
   1150.0961   0.996790
   1150.1490   0.996793
   1150.2020   0.996797
   1150.2549   0.996800
   1150.3079   0.996804
   1150.3608   0.996807
   1150.4138   0.996811
   1150.4667   0.996815
   1150.5197   0.996818
   1150.5726   0.996822
   1150.6256   0.996825
   1150.6786   0.996829
   1150.7315   0.996832
   1150.7845   0.996836
   1150.8375   0.996839
   1150.8904   0.996843
   1150.9434   0.996846
   1150.9964   0.996849
   1151.0494   0.996853
   1151.1024   0.996856
   1151.1554   0.996860
   1151.2083   0.996863
   1151.2613   0.996867
   1151.3143   0.996870
   1151.3673   0.996873
   1151.4203   0.996877
   1151.4733   0.996880
   1151.5263   0.996884
   1151.5793   0.996887
   1151.6324   0.996890
   1151.6854   0.996894
   1151.7384   0.996897
   1151.7914   0.996900
   1151.8444   0.996904
   1151.8974   0.996907
   1151.9505   0.996911
   1152.0035   0.996914
   1152.0565   0.996917
   1152.1095   0.996920
   1152.1626   0.996924
   1152.2156   0.996927
   1152.2687   0.996930
   1152.3217   0.996934
   1152.3747   0.996937
   1152.4278   0.996940
   1152.4808   0.996944
   1152.5339   0.996947
   1152.5869   0.996950
   1152.6400   0.996953
   1152.6931   0.996957
   1152.7461   0.996960
   1152.7992   0.996963
   1152.8522   0.996966
   1152.9053   0.996969
   1152.9584   0.996973
   1153.0115   0.996976
   1153.0645   0.996979
   1153.1176   0.996982
   1153.1707   0.996986
   1153.2238   0.996989
   1153.2769   0.996992
   1153.3299   0.996995
   1153.3830   0.996998
   1153.4361   0.997001
   1153.4892   0.997005
   1153.5423   0.997008
   1153.5954   0.997011
   1153.6485   0.997014
   1153.7016   0.997017
   1153.7547   0.997020
   1153.8078   0.997023
   1153.8610   0.997027
   1153.9141   0.997030
   1153.9672   0.997033
   1154.0203   0.997036
   1154.0734   0.997039
   1154.1265   0.997042
   1154.1797   0.997045
   1154.2328   0.997048
   1154.2859   0.997051
   1154.3391   0.997054
   1154.3922   0.997057
   1154.4453   0.997060
   1154.4985   0.997063
   1154.5516   0.997066
   1154.6048   0.997070
   1154.6579   0.997073
   1154.7111   0.997076
   1154.7642   0.997079
   1154.8174   0.997082
   1154.8705   0.997085
   1154.9237   0.997088
   1154.9769   0.997091
   1155.0300   0.997094
   1155.0832   0.997097
   1155.1364   0.997100
   1155.1895   0.997103
   1155.2427   0.997106
   1155.2959   0.997109
   1155.3491   0.997112
   1155.4023   0.997115
   1155.4554   0.997117
   1155.5086   0.997120
   1155.5618   0.997123
   1155.6150   0.997126
   1155.6682   0.997129
   1155.7214   0.997132
   1155.7746   0.997135
   1155.8278   0.997138
   1155.8810   0.997141
   1155.9342   0.997144
   1155.9874   0.997147
   1156.0406   0.997150
   1156.0939   0.997152
   1156.1471   0.997155
   1156.2003   0.997158
   1156.2535   0.997161
   1156.3067   0.997164
   1156.3600   0.997167
   1156.4132   0.997170
   1156.4664   0.997173
   1156.5197   0.997175
   1156.5729   0.997178
   1156.6261   0.997181
   1156.6794   0.997184
   1156.7326   0.997187
   1156.7859   0.997190
   1156.8391   0.997192
   1156.8924   0.997195
   1156.9456   0.997198
   1156.9989   0.997201
   1157.0521   0.997204
   1157.1054   0.997206
   1157.1587   0.997209
   1157.2119   0.997212
   1157.2652   0.997215
   1157.3185   0.997217
   1157.3717   0.997220
   1157.4250   0.997223
   1157.4783   0.997226
   1157.5316   0.997229
   1157.5849   0.997231
   1157.6382   0.997234
   1157.6914   0.997237
   1157.7447   0.997240
   1157.7980   0.997242
   1157.8513   0.997245
   1157.9046   0.997248
   1157.9579   0.997250
   1158.0112   0.997253
   1158.0645   0.997256
   1158.1178   0.997259
   1158.1711   0.997261
   1158.2245   0.997264
   1158.2778   0.997267
   1158.3311   0.997269
   1158.3844   0.997272
   1158.4377   0.997275
   1158.4911   0.997277
   1158.5444   0.997280
   1158.5977   0.997283
   1158.6510   0.997285
   1158.7044   0.997288
   1158.7577   0.997291
   1158.8111   0.997293
   1158.8644   0.997296
   1158.9177   0.997299
   1158.9711   0.997301
   1159.0244   0.997304
   1159.0778   0.997307
   1159.1312   0.997309
   1159.1845   0.997312
   1159.2379   0.997314
   1159.2912   0.997317
   1159.3446   0.997320
   1159.3980   0.997322
   1159.4513   0.997325
   1159.5047   0.997327
   1159.5581   0.997330
   1159.6115   0.997333
   1159.6648   0.997335
   1159.7182   0.997338
   1159.7716   0.997340
   1159.8250   0.997343
   1159.8784   0.997345
   1159.9318   0.997348
   1159.9852   0.997350
   1160.0386   0.997353
   1160.0920   0.997356
   1160.1454   0.997358
   1160.1988   0.997361
   1160.2522   0.997363
   1160.3056   0.997366
   1160.3590   0.997368
   1160.4124   0.997371
   1160.4658   0.997373
   1160.5192   0.997376
   1160.5727   0.997378
   1160.6261   0.997381
   1160.6795   0.997383
   1160.7329   0.997386
   1160.7864   0.997388
   1160.8398   0.997391
   1160.8932   0.997393
   1160.9467   0.997396
   1161.0001   0.997398
   1161.0535   0.997401
   1161.1070   0.997403
   1161.1604   0.997406
   1161.2139   0.997408
   1161.2673   0.997410
   1161.3208   0.997413
   1161.3743   0.997415
   1161.4277   0.997418
   1161.4812   0.997420
   1161.5346   0.997423
   1161.5881   0.997425
   1161.6416   0.997427
   1161.6951   0.997430
   1161.7485   0.997432
   1161.8020   0.997435
   1161.8555   0.997437
   1161.9090   0.997439
   1161.9625   0.997442
   1162.0159   0.997444
   1162.0694   0.997447
   1162.1229   0.997449
   1162.1764   0.997451
   1162.2299   0.997454
   1162.2834   0.997456
   1162.3369   0.997459
   1162.3904   0.997461
   1162.4439   0.997463
   1162.4974   0.997466
   1162.5510   0.997468
   1162.6045   0.997470
   1162.6580   0.997473
   1162.7115   0.997475
   1162.7650   0.997477
   1162.8185   0.997480
   1162.8721   0.997482
   1162.9256   0.997484
   1162.9791   0.997487
   1163.0327   0.997489
   1163.0862   0.997491
   1163.1397   0.997494
   1163.1933   0.997496
   1163.2468   0.997498
   1163.3004   0.997501
   1163.3539   0.997503
   1163.4075   0.997505
   1163.4610   0.997508
   1163.5146   0.997510
   1163.5681   0.997512
   1163.6217   0.997514
   1163.6753   0.997517
   1163.7288   0.997519
   1163.7824   0.997521
   1163.8360   0.997523
   1163.8896   0.997526
   1163.9431   0.997528
   1163.9967   0.997530
   1164.0503   0.997533
   1164.1039   0.997535
   1164.1575   0.997537
   1164.2110   0.997539
   1164.2646   0.997542
   1164.3182   0.997544
   1164.3718   0.997546
   1164.4254   0.997548
   1164.4790   0.997551
   1164.5326   0.997553
   1164.5862   0.997555
   1164.6398   0.997557
   1164.6934   0.997559
   1164.7471   0.997562
   1164.8007   0.997564
   1164.8543   0.997566
   1164.9079   0.997568
   1164.9615   0.997570
   1165.0152   0.997573
   1165.0688   0.997575
   1165.1224   0.997577
   1165.1761   0.997579
   1165.2297   0.997581
   1165.2833   0.997584
   1165.3370   0.997586
   1165.3906   0.997588
   1165.4443   0.997590
   1165.4979   0.997592
   1165.5516   0.997594
   1165.6052   0.997597
   1165.6589   0.997599
   1165.7125   0.997601
   1165.7662   0.997603
   1165.8198   0.997605
   1165.8735   0.997607
   1165.9272   0.997609
   1165.9808   0.997612
   1166.0345   0.997614
   1166.0882   0.997616
   1166.1419   0.997618
   1166.1955   0.997620
   1166.2492   0.997622
   1166.3029   0.997624
   1166.3566   0.997626
   1166.4103   0.997629
   1166.4640   0.997631
   1166.5177   0.997633
   1166.5714   0.997635
   1166.6251   0.997637
   1166.6788   0.997639
   1166.7325   0.997641
   1166.7862   0.997643
   1166.8399   0.997645
   1166.8936   0.997647
   1166.9473   0.997649
   1167.0010   0.997651
   1167.0548   0.997653
   1167.1085   0.997656
   1167.1622   0.997658
   1167.2159   0.997660
   1167.2697   0.997662
   1167.3234   0.997664
   1167.3771   0.997666
   1167.4309   0.997668
   1167.4846   0.997670
   1167.5383   0.997672
   1167.5921   0.997674
   1167.6458   0.997676
   1167.6996   0.997678
   1167.7533   0.997680
   1167.8071   0.997682
   1167.8608   0.997684
   1167.9146   0.997686
   1167.9684   0.997688
   1168.0221   0.997690
   1168.0759   0.997692
   1168.1297   0.997694
   1168.1834   0.997696
   1168.2372   0.997698
   1168.2910   0.997700
   1168.3448   0.997702
   1168.3985   0.997704
   1168.4523   0.997706
   1168.5061   0.997708
   1168.5599   0.997710
   1168.6137   0.997712
   1168.6675   0.997714
   1168.7213   0.997716
   1168.7751   0.997718
   1168.8289   0.997720
   1168.8827   0.997722
   1168.9365   0.997724
   1168.9903   0.997726
   1169.0441   0.997728
   1169.0979   0.997730
   1169.1517   0.997732
   1169.2056   0.997734
   1169.2594   0.997736
   1169.3132   0.997738
   1169.3670   0.997740
   1169.4209   0.997742
   1169.4747   0.997744
   1169.5285   0.997746
   1169.5824   0.997748
   1169.6362   0.997750
   1169.6900   0.997752
   1169.7439   0.997753
   1169.7977   0.997755
   1169.8516   0.997757
   1169.9054   0.997759
   1169.9593   0.997761
   1170.0131   0.997763
   1170.0670   0.997765
   1170.1208   0.997767
   1170.1747   0.997769
   1170.2286   0.997771
   1170.2824   0.997773
   1170.3363   0.997774
   1170.3902   0.997776
   1170.4441   0.997778
   1170.4979   0.997780
   1170.5518   0.997782
   1170.6057   0.997784
   1170.6596   0.997786
   1170.7135   0.997788
   1170.7674   0.997790
   1170.8213   0.997791
   1170.8751   0.997793
   1170.9290   0.997795
   1170.9829   0.997797
   1171.0368   0.997799
   1171.0908   0.997801
   1171.1447   0.997803
   1171.1986   0.997804
   1171.2525   0.997806
   1171.3064   0.997808
   1171.3603   0.997810
   1171.4142   0.997812
   1171.4682   0.997814
   1171.5221   0.997816
   1171.5760   0.997817
   1171.6299   0.997819
   1171.6839   0.997821
   1171.7378   0.997823
   1171.7917   0.997825
   1171.8457   0.997827
   1171.8996   0.997828
   1171.9536   0.997830
   1172.0075   0.997832
   1172.0615   0.997834
   1172.1154   0.997836
   1172.1694   0.997837
   1172.2233   0.997839
   1172.2773   0.997841
   1172.3313   0.997843
   1172.3852   0.997845
   1172.4392   0.997846
   1172.4932   0.997848
   1172.5471   0.997850
   1172.6011   0.997852
   1172.6551   0.997854
   1172.7091   0.997855
   1172.7630   0.997857
   1172.8170   0.997859
   1172.8710   0.997861
   1172.9250   0.997863
   1172.9790   0.997864
   1173.0330   0.997866
   1173.0870   0.997868
   1173.1410   0.997870
   1173.1950   0.997871
   1173.2490   0.997873
   1173.3030   0.997875
   1173.3570   0.997877
   1173.4110   0.997878
   1173.4650   0.997880
   1173.5190   0.997882
   1173.5731   0.997884
   1173.6271   0.997885
   1173.6811   0.997887
   1173.7351   0.997889
   1173.7892   0.997891
   1173.8432   0.997892
   1173.8972   0.997894
   1173.9513   0.997896
   1174.0053   0.997898
   1174.0594   0.997899
   1174.1134   0.997901
   1174.1674   0.997903
   1174.2215   0.997904
   1174.2755   0.997906
   1174.3296   0.997908
   1174.3837   0.997910
   1174.4377   0.997911
   1174.4918   0.997913
   1174.5458   0.997915
   1174.5999   0.997916
   1174.6540   0.997918
   1174.7080   0.997920
   1174.7621   0.997921
   1174.8162   0.997923
   1174.8703   0.997925
   1174.9244   0.997926
   1174.9784   0.997928
   1175.0325   0.997930
   1175.0866   0.997932
   1175.1407   0.997933
   1175.1948   0.997935
   1175.2489   0.997937
   1175.3030   0.997938
   1175.3571   0.997940
   1175.4112   0.997942
   1175.4653   0.997943
   1175.5194   0.997945
   1175.5735   0.997947
   1175.6276   0.997948
   1175.6818   0.997950
   1175.7359   0.997952
   1175.7900   0.997953
   1175.8441   0.997955
   1175.8982   0.997957
   1175.9524   0.997958
   1176.0065   0.997960
   1176.0606   0.997961
   1176.1148   0.997963
   1176.1689   0.997965
   1176.2231   0.997966
   1176.2772   0.997968
   1176.3313   0.997970
   1176.3855   0.997971
   1176.4396   0.997973
   1176.4938   0.997975
   1176.5480   0.997976
   1176.6021   0.997978
   1176.6563   0.997980
   1176.7104   0.997981
   1176.7646   0.997983
   1176.8188   0.997984
   1176.8729   0.997986
   1176.9271   0.997988
   1176.9813   0.997989
   1177.0355   0.997991
   1177.0897   0.997992
   1177.1438   0.997994
   1177.1980   0.997996
   1177.2522   0.997997
   1177.3064   0.997999
   1177.3606   0.998000
   1177.4148   0.998002
   1177.4690   0.998003
   1177.5232   0.998005
   1177.5774   0.998007
   1177.6316   0.998008
   1177.6858   0.998010
   1177.7400   0.998011
   1177.7942   0.998013
   1177.8485   0.998014
   1177.9027   0.998016
   1177.9569   0.998018
   1178.0111   0.998019
   1178.0653   0.998021
   1178.1196   0.998022
   1178.1738   0.998024
   1178.2280   0.998025
   1178.2823   0.998027
   1178.3365   0.998028
   1178.3908   0.998030
   1178.4450   0.998032
   1178.4992   0.998033
   1178.5535   0.998035
   1178.6077   0.998036
   1178.6620   0.998038
   1178.7163   0.998039
   1178.7705   0.998041
   1178.8248   0.998042
   1178.8790   0.998044
   1178.9333   0.998045
   1178.9876   0.998047
   1179.0418   0.998048
   1179.0961   0.998050
   1179.1504   0.998052
   1179.2047   0.998053
   1179.2589   0.998055
   1179.3132   0.998056
   1179.3675   0.998058
   1179.4218   0.998059
   1179.4761   0.998061
   1179.5304   0.998062
   1179.5847   0.998064
   1179.6390   0.998065
   1179.6933   0.998067
   1179.7476   0.998068
   1179.8019   0.998070
   1179.8562   0.998071
   1179.9105   0.998073
   1179.9648   0.998074
   1180.0191   0.998076
   1180.0735   0.998077
   1180.1278   0.998079
   1180.1821   0.998080
   1180.2364   0.998082
   1180.2908   0.998083
   1180.3451   0.998085
   1180.3994   0.998086
   1180.4538   0.998088
   1180.5081   0.998089
   1180.5624   0.998091
   1180.6168   0.998092
   1180.6711   0.998093
   1180.7255   0.998095
   1180.7798   0.998096
   1180.8342   0.998098
   1180.8885   0.998099
   1180.9429   0.998101
   1180.9973   0.998102
   1181.0516   0.998104
   1181.1060   0.998105
   1181.1604   0.998107
   1181.2147   0.998108
   1181.2691   0.998110
   1181.3235   0.998111
   1181.3779   0.998112
   1181.4322   0.998114
   1181.4866   0.998115
   1181.5410   0.998117
   1181.5954   0.998118
   1181.6498   0.998120
   1181.7042   0.998121
   1181.7586   0.998123
   1181.8130   0.998124
   1181.8674   0.998126
   1181.9218   0.998127
   1181.9762   0.998128
   1182.0306   0.998130
   1182.0850   0.998131
   1182.1394   0.998133
   1182.1938   0.998134
   1182.2483   0.998136
   1182.3027   0.998137
   1182.3571   0.998138
   1182.4115   0.998140
   1182.4660   0.998141
   1182.5204   0.998143
   1182.5748   0.998144
   1182.6293   0.998145
   1182.6837   0.998147
   1182.7381   0.998148
   1182.7926   0.998150
   1182.8470   0.998151
   1182.9015   0.998153
   1182.9559   0.998154
   1183.0104   0.998155
   1183.0648   0.998157
   1183.1193   0.998158
   1183.1738   0.998160
   1183.2282   0.998161
   1183.2827   0.998162
   1183.3371   0.998164
   1183.3916   0.998165
   1183.4461   0.998166
   1183.5006   0.998168
   1183.5550   0.998169
   1183.6095   0.998170
   1183.6640   0.998172
   1183.7185   0.998173
   1183.7730   0.998175
   1183.8275   0.998176
   1183.8820   0.998177
   1183.9365   0.998179
   1183.9910   0.998180
   1184.0455   0.998182
   1184.1000   0.998183
   1184.1545   0.998184
   1184.2090   0.998186
   1184.2635   0.998187
   1184.3180   0.998188
   1184.3725   0.998190
   1184.4271   0.998191
   1184.4816   0.998192
   1184.5361   0.998194
   1184.5906   0.998195
   1184.6452   0.998196
   1184.6997   0.998198
   1184.7542   0.998199
   1184.8088   0.998201
   1184.8633   0.998202
   1184.9178   0.998203
   1184.9724   0.998205
   1185.0269   0.998206
   1185.0815   0.998207
   1185.1360   0.998209
   1185.1906   0.998210
   1185.2451   0.998211
   1185.2997   0.998213
   1185.3543   0.998214
   1185.4088   0.998215
   1185.4634   0.998216
   1185.5180   0.998218
   1185.5725   0.998219
   1185.6271   0.998220
   1185.6817   0.998222
   1185.7363   0.998223
   1185.7908   0.998224
   1185.8454   0.998226
   1185.9000   0.998227
   1185.9546   0.998228
   1186.0092   0.998230
   1186.0638   0.998231
   1186.1184   0.998232
   1186.1730   0.998233
   1186.2276   0.998235
   1186.2822   0.998236
   1186.3368   0.998237
   1186.3914   0.998239
   1186.4460   0.998240
   1186.5006   0.998241
   1186.5552   0.998243
   1186.6099   0.998244
   1186.6645   0.998245
   1186.7191   0.998246
   1186.7737   0.998248
   1186.8284   0.998249
   1186.8830   0.998250
   1186.9376   0.998251
   1186.9923   0.998253
   1187.0469   0.998254
   1187.1016   0.998255
   1187.1562   0.998257
   1187.2108   0.998258
   1187.2655   0.998259
   1187.3201   0.998260
   1187.3748   0.998262
   1187.4295   0.998263
   1187.4841   0.998264
   1187.5388   0.998266
   1187.5934   0.998267
   1187.6481   0.998268
   1187.7028   0.998269
   1187.7575   0.998271
   1187.8121   0.998272
   1187.8668   0.998273
   1187.9215   0.998274
   1187.9762   0.998276
   1188.0308   0.998277
   1188.0855   0.998278
   1188.1402   0.998279
   1188.1949   0.998281
   1188.2496   0.998282
   1188.3043   0.998283
   1188.3590   0.998284
   1188.4137   0.998286
   1188.4684   0.998287
   1188.5231   0.998288
   1188.5778   0.998289
   1188.6325   0.998290
   1188.6873   0.998292
   1188.7420   0.998293
   1188.7967   0.998294
   1188.8514   0.998295
   1188.9061   0.998297
   1188.9609   0.998298
   1189.0156   0.998299
   1189.0703   0.998300
   1189.1251   0.998302
   1189.1798   0.998303
   1189.2345   0.998304
   1189.2893   0.998305
   1189.3440   0.998307
   1189.3988   0.998308
   1189.4535   0.998309
   1189.5083   0.998310
   1189.5630   0.998311
   1189.6178   0.998313
   1189.6726   0.998314
   1189.7273   0.998315
   1189.7821   0.998316
   1189.8369   0.998317
   1189.8916   0.998319
   1189.9464   0.998320
   1190.0012   0.998321
   1190.0560   0.998322
   1190.1107   0.998323
   1190.1655   0.998325
   1190.2203   0.998326
   1190.2751   0.998327
   1190.3299   0.998328
   1190.3847   0.998329
   1190.4395   0.998331
   1190.4943   0.998332
   1190.5491   0.998333
   1190.6039   0.998334
   1190.6587   0.998335
   1190.7135   0.998336
   1190.7683   0.998338
   1190.8231   0.998339
   1190.8779   0.998340
   1190.9327   0.998341
   1190.9876   0.998342
   1191.0424   0.998343
   1191.0972   0.998345
   1191.1520   0.998346
   1191.2069   0.998347
   1191.2617   0.998348
   1191.3165   0.998349
   1191.3714   0.998351
   1191.4262   0.998352
   1191.4811   0.998353
   1191.5359   0.998354
   1191.5908   0.998355
   1191.6456   0.998356
   1191.7005   0.998358
   1191.7553   0.998359
   1191.8102   0.998360
   1191.8650   0.998361
   1191.9199   0.998362
   1191.9748   0.998363
   1192.0296   0.998365
   1192.0845   0.998366
   1192.1394   0.998367
   1192.1943   0.998368
   1192.2491   0.998369
   1192.3040   0.998370
   1192.3589   0.998371
   1192.4138   0.998373
   1192.4687   0.998374
   1192.5236   0.998375
   1192.5785   0.998376
   1192.6334   0.998377
   1192.6883   0.998378
   1192.7432   0.998379
   1192.7981   0.998381
   1192.8530   0.998382
   1192.9079   0.998383
   1192.9628   0.998384
   1193.0177   0.998385
   1193.0726   0.998386
   1193.1275   0.998387
   1193.1825   0.998388
   1193.2374   0.998390
   1193.2923   0.998391
   1193.3473   0.998392
   1193.4022   0.998393
   1193.4571   0.998394
   1193.5121   0.998395
   1193.5670   0.998396
   1193.6219   0.998397
   1193.6769   0.998399
   1193.7318   0.998400
   1193.7868   0.998401
   1193.8417   0.998402
   1193.8967   0.998403
   1193.9516   0.998404
   1194.0066   0.998405
   1194.0616   0.998406
   1194.1165   0.998407
   1194.1715   0.998408
   1194.2265   0.998410
   1194.2814   0.998411
   1194.3364   0.998412
   1194.3914   0.998413
   1194.4464   0.998414
   1194.5014   0.998415
   1194.5563   0.998416
   1194.6113   0.998417
   1194.6663   0.998419
   1194.7213   0.998420
   1194.7763   0.998421
   1194.8313   0.998422
   1194.8863   0.998423
   1194.9413   0.998424
   1194.9963   0.998425
   1195.0513   0.998426
   1195.1063   0.998427
   1195.1613   0.998428
   1195.2164   0.998429
   1195.2714   0.998431
   1195.3264   0.998432
   1195.3814   0.998433
   1195.4364   0.998434
   1195.4915   0.998435
   1195.5465   0.998436
   1195.6015   0.998437
   1195.6566   0.998438
   1195.7116   0.998439
   1195.7667   0.998440
   1195.8217   0.998441
   1195.8767   0.998442
   1195.9318   0.998443
   1195.9868   0.998444
   1196.0419   0.998445
   1196.0969   0.998446
   1196.1520   0.998447
   1196.2071   0.998449
   1196.2621   0.998450
   1196.3172   0.998451
   1196.3723   0.998452
   1196.4273   0.998453
   1196.4824   0.998454
   1196.5375   0.998455
   1196.5926   0.998456
   1196.6476   0.998457
   1196.7027   0.998458
   1196.7578   0.998459
   1196.8129   0.998460
   1196.8680   0.998461
   1196.9231   0.998462
   1196.9782   0.998463
   1197.0333   0.998464
   1197.0884   0.998465
   1197.1435   0.998467
   1197.1986   0.998468
   1197.2537   0.998469
   1197.3088   0.998470
   1197.3639   0.998471
   1197.4191   0.998472
   1197.4742   0.998473
   1197.5293   0.998474
   1197.5844   0.998475
   1197.6395   0.998476
   1197.6947   0.998477
   1197.7498   0.998478
   1197.8049   0.998479
   1197.8601   0.998480
   1197.9152   0.998481
   1197.9704   0.998482
   1198.0255   0.998483
   1198.0807   0.998484
   1198.1358   0.998485
   1198.1910   0.998486
   1198.2461   0.998487
   1198.3013   0.998488
   1198.3564   0.998489
   1198.4116   0.998490
   1198.4668   0.998491
   1198.5219   0.998492
   1198.5771   0.998493
   1198.6323   0.998494
   1198.6874   0.998495
   1198.7426   0.998496
   1198.7978   0.998497
   1198.8530   0.998498
   1198.9082   0.998499
   1198.9634   0.998500
   1199.0185   0.998501
   1199.0737   0.998502
   1199.1289   0.998503
   1199.1841   0.998504
   1199.2393   0.998505
   1199.2945   0.998506
   1199.3497   0.998507
   1199.4050   0.000000
   1199.4602   0.000000
   1199.5154   0.000000
   1199.5706   0.000000
   1199.6258   0.000000
   1199.6810   0.000000
   1199.7363   0.000000
   1199.7915   0.000000
   1199.8467   0.000000
   1199.9019   0.000000
