    900.0000   0.000000
    900.0414   0.000000
    900.0829   0.000000
    900.1243   0.000000
    900.1657   0.000000
    900.2072   0.000000
    900.2486   0.000000
    900.2900   0.000000
    900.3315   0.000000
    900.3729   0.000000
    900.4144   0.997507
    900.4558   0.997489
    900.4973   0.997470
    900.5387   0.997452
    900.5802   0.997433
    900.6216   0.997414
    900.6631   0.997394
    900.7045   0.997374
    900.7460   0.997353
    900.7875   0.997332
    900.8289   0.997310
    900.8704   0.997288
    900.9119   0.997266
    900.9533   0.997243
    900.9948   0.997219
    901.0363   0.997195
    901.0778   0.997171
    901.1192   0.997145
    901.1607   0.997119
    901.2022   0.997093
    901.2437   0.997065
    901.2852   0.997037
    901.3267   0.997009
    901.3682   0.996979
    901.4096   0.996949
    901.4511   0.996918
    901.4926   0.996886
    901.5341   0.996853
    901.5756   0.996819
    901.6171   0.996784
    901.6586   0.996748
    901.7001   0.996711
    901.7416   0.996673
    901.7832   0.996633
    901.8247   0.996592
    901.8662   0.996550
    901.9077   0.996507
    901.9492   0.996462
    901.9907   0.996415
    902.0322   0.996367
    902.0738   0.996317
    902.1153   0.996265
    902.1568   0.996211
    902.1983   0.996155
    902.2399   0.996096
    902.2814   0.996036
    902.3229   0.995972
    902.3645   0.995906
    902.4060   0.995838
    902.4476   0.995766
    902.4891   0.995691
    902.5306   0.995612
    902.5722   0.995530
    902.6137   0.995443
    902.6553   0.995353
    902.6968   0.995257
    902.7384   0.995157
    902.7799   0.995051
    902.8215   0.994940
    902.8631   0.994822
    902.9046   0.994697
    902.9462   0.994564
    902.9877   0.994423
    903.0293   0.994273
    903.0709   0.994114
    903.1124   0.993943
    903.1540   0.993760
    903.1956   0.993565
    903.2372   0.993354
    903.2787   0.993127
    903.3203   0.992881
    903.3619   0.992615
    903.4035   0.992326
    903.4451   0.992011
    903.4867   0.991665
    903.5283   0.991286
    903.5698   0.990866
    903.6114   0.990402
    903.6530   0.989884
    903.6946   0.989304
    903.7362   0.988649
    903.7778   0.987905
    903.8194   0.987054
    903.8610   0.986070
    903.9026   0.984921
    903.9442   0.983563
    903.9859   0.981932
    904.0275   0.979937
    904.0691   0.977441
    904.1107   0.974216
    904.1523   0.969867
    904.1939   0.963613
    904.2356   0.953863
    904.2772   0.939299
    904.3188   0.918372
    904.3604   0.889939
    904.4021   0.852784
    904.4437   0.806194
    904.4853   0.751131
    904.5270   0.690658
    904.5686   0.629967
    904.6102   0.575780
    904.6519   0.535107
    904.6935   0.513642
    904.7352   0.514285
    904.7768   0.536284
    904.8185   0.575281
    904.8601   0.624136
    904.9018   0.674097
    904.9434   0.717447
    904.9851   0.747913
    905.0267   0.761754
    905.0684   0.757401
    905.1101   0.735235
    905.1517   0.697298
    905.1934   0.648150
    905.2351   0.594219
    905.2767   0.543672
    905.3184   0.504450
    905.3601   0.481646
    905.4017   0.477088
    905.4434   0.489575
    905.4851   0.514876
    905.5268   0.544993
    905.5685   0.571995
    905.6102   0.590020
    905.6518   0.596800
    905.6935   0.594191
    905.7352   0.587520
    905.7769   0.583910
    905.8186   0.589327
    905.8603   0.607766
    905.9020   0.639770
    905.9437   0.683016
    905.9854   0.733141
    906.0271   0.784620
    906.0688   0.832524
    906.1105   0.873547
    906.1522   0.906287
    906.1939   0.930987
    906.2357   0.949109
    906.2774   0.961994
    906.3191   0.970367
    906.3608   0.975095
    906.4025   0.978197
    906.4443   0.980453
    906.4860   0.982192
    906.5277   0.983580
    906.5694   0.984718
    906.6112   0.985667
    906.6529   0.986470
    906.6946   0.987158
    906.7364   0.987752
    906.7781   0.988269
    906.8199   0.988722
    906.8616   0.989120
    906.9033   0.989472
    906.9451   0.989785
    906.9868   0.990063
    907.0286   0.990311
    907.0703   0.990532
    907.1121   0.990730
    907.1538   0.990907
    907.1956   0.991065
    907.2374   0.991206
    907.2791   0.991332
    907.3209   0.991444
    907.3627   0.991543
    907.4044   0.991630
    907.4462   0.991707
    907.4880   0.991774
    907.5297   0.991832
    907.5715   0.991881
    907.6133   0.991922
    907.6551   0.991956
    907.6969   0.991982
    907.7386   0.992002
    907.7804   0.992015
    907.8222   0.992022
    907.8640   0.992023
    907.9058   0.992018
    907.9476   0.992008
    907.9894   0.991992
    908.0312   0.991971
    908.0730   0.991945
    908.1148   0.991914
    908.1566   0.991878
    908.1984   0.991837
    908.2402   0.991790
    908.2820   0.991739
    908.3238   0.991683
    908.3656   0.991622
    908.4074   0.991555
    908.4492   0.991484
    908.4911   0.991407
    908.5329   0.991324
    908.5747   0.991236
    908.6165   0.991142
    908.6583   0.991042
    908.7002   0.990936
    908.7420   0.990823
    908.7838   0.990703
    908.8257   0.990576
    908.8675   0.990442
    908.9093   0.990299
    908.9512   0.990148
    908.9930   0.989988
    909.0349   0.989818
    909.0767   0.989638
    909.1186   0.989447
    909.1604   0.989243
    909.2023   0.989027
    909.2441   0.988796
    909.2860   0.988550
    909.3278   0.988287
    909.3697   0.988006
    909.4115   0.987704
    909.4534   0.987379
    909.4953   0.987028
    909.5371   0.986650
    909.5790   0.986239
    909.6209   0.985793
    909.6627   0.985304
    909.7046   0.984769
    909.7465   0.984179
    909.7884   0.983525
    909.8302   0.982796
    909.8721   0.981979
    909.9140   0.981054
    909.9559   0.980000
    909.9978   0.978786
    910.0397   0.977370
    910.0816   0.975697
    910.1234   0.973684
    910.1653   0.971211
    910.2072   0.968087
    910.2491   0.963987
    910.2910   0.958308
    910.3329   0.949815
    910.3748   0.936834
    910.4167   0.918216
    910.4587   0.892292
    910.5006   0.858140
    910.5425   0.814632
    910.5844   0.762017
    910.6263   0.702511
    910.6682   0.640507
    910.7101   0.582242
    910.7521   0.534798
    910.7940   0.504595
    910.8359   0.495802
    910.8778   0.509173
    910.9198   0.541699
    910.9617   0.587114
    911.0036   0.636903
    911.0456   0.682796
    911.0875   0.717814
    911.1294   0.737183
    911.1714   0.738584
    911.2133   0.721723
    911.2553   0.688632
    911.2972   0.643154
    911.3392   0.591900
    911.3811   0.542451
    911.4231   0.503218
    911.4650   0.480357
    911.5070   0.476046
    911.5489   0.489208
    911.5909   0.515320
    911.6329   0.547820
    911.6748   0.578090
    911.7168   0.599048
    911.7588   0.606793
    911.8007   0.601502
    911.8427   0.587333
    911.8847   0.571308
    911.9267   0.560723
    911.9686   0.561795
    912.0106   0.578018
    912.0526   0.609515
    912.0946   0.653507
    912.1366   0.704665
    912.1786   0.757020
    912.2205   0.805490
    912.2625   0.846769
    912.3045   0.879516
    912.3465   0.904051
    912.3885   0.921898
    912.4305   0.934056
    912.4725   0.941616
    912.5145   0.945532
    912.5565   0.947679
    912.5985   0.948837
    912.6405   0.949345
    912.6826   0.949376
    912.7246   0.949030
    912.7666   0.948366
    912.8086   0.947418
    912.8506   0.946206
    912.8926   0.944741
    912.9347   0.943023
    912.9767   0.941047
    913.0187   0.938802
    913.0607   0.936272
    913.1028   0.933433
    913.1448   0.930257
    913.1868   0.926710
    913.2289   0.922746
    913.2709   0.918315
    913.3129   0.913352
    913.3550   0.907781
    913.3970   0.901506
    913.4391   0.894413
    913.4811   0.886360
    913.5232   0.877172
    913.5652   0.866630
    913.6073   0.854457
    913.6493   0.840306
    913.6914   0.823734
    913.7334   0.804187
    913.7755   0.780983
    913.8176   0.753347
    913.8596   0.720522
    913.9017   0.681892
    913.9438   0.636969
    913.9858   0.585589
    914.0279   0.528123
    914.0700   0.465625
    914.1121   0.399871
    914.1541   0.333259
    914.1962   0.268551
    914.2383   0.208491
    914.2804   0.155397
    914.3225   0.110972
    914.3646   0.076149
    914.4066   0.051059
    914.4487   0.035302
    914.4908   0.028315
    914.5329   0.029665
    914.5750   0.039177
    914.6171   0.056861
    914.6592   0.082645
    914.7013   0.116002
    914.7434   0.155599
    914.7855   0.199139
    914.8277   0.243537
    914.8698   0.285175
    914.9119   0.320392
    914.9540   0.345812
    914.9961   0.358846
    915.0382   0.358102
    915.0804   0.343617
    915.1225   0.317071
    915.1646   0.281592
    915.2067   0.241243
    915.2489   0.200710
    915.2910   0.164894
    915.3331   0.138300
    915.3753   0.124554
    915.4174   0.126077
    915.4595   0.143895
    915.5017   0.177583
    915.5438   0.225347
    915.5860   0.284255
    915.6281   0.350606
    915.6702   0.420402
    915.7124   0.489830
    915.7545   0.555646
    915.7967   0.615466
    915.8389   0.668039
    915.8810   0.713032
    915.9232   0.750759
    915.9653   0.781943
    916.0075   0.807405
    916.0497   0.828049
    916.0918   0.844827
    916.1340   0.858555
    916.1762   0.869868
    916.2183   0.879238
    916.2605   0.887015
    916.3027   0.893454
    916.3449   0.898741
    916.3871   0.903003
    916.4292   0.906318
    916.4714   0.908722
    916.5136   0.910200
    916.5558   0.910679
    916.5980   0.910004
    916.6402   0.907890
    916.6824   0.903820
    916.7246   0.896852
    916.7668   0.885483
    916.8090   0.868556
    916.8512   0.844460
    916.8934   0.811610
    916.9356   0.769335
    916.9778   0.717379
    917.0200   0.657027
    917.0622   0.591580
    917.1044   0.526317
    917.1467   0.467896
    917.1889   0.423196
    917.2311   0.397859
    917.2733   0.394907
    917.3155   0.413880
    917.3578   0.450738
    917.4000   0.498482
    917.4422   0.548592
    917.4845   0.593179
    917.5267   0.625236
    917.5689   0.639998
    917.6112   0.635687
    917.6534   0.612684
    917.6956   0.573387
    917.7379   0.523113
    917.7801   0.469027
    917.8224   0.418968
    917.8646   0.380940
    917.9069   0.360544
    917.9491   0.359380
    917.9914   0.376278
    918.0336   0.406300
    918.0759   0.442765
    918.1182   0.477291
    918.1604   0.502993
    918.2027   0.516126
    918.2450   0.516967
    918.2872   0.509682
    918.3295   0.500988
    918.3718   0.497971
    918.4140   0.507034
    918.4563   0.531493
    918.4986   0.570886
    918.5409   0.622067
    918.5832   0.679669
    918.6254   0.737754
    918.6677   0.791313
    918.7100   0.837133
    918.7523   0.873967
    918.7946   0.902232
    918.8369   0.923445
    918.8792   0.938427
    918.9215   0.948662
    918.9638   0.955175
    919.0061   0.959746
    919.0484   0.963209
    919.0907   0.965962
    919.1330   0.968220
    919.1753   0.970116
    919.2176   0.971735
    919.2599   0.973138
    919.3022   0.974365
    919.3446   0.975450
    919.3869   0.976416
    919.4292   0.977283
    919.4715   0.978064
    919.5139   0.978771
    919.5562   0.979415
    919.5985   0.980003
    919.6408   0.980543
    919.6832   0.981038
    919.7255   0.981495
    919.7678   0.981918
    919.8102   0.982309
    919.8525   0.982671
    919.8949   0.983008
    919.9372   0.983321
    919.9796   0.983613
    920.0219   0.983885
    920.0643   0.984138
    920.1066   0.984375
    920.1490   0.984596
    920.1913   0.984802
    920.2337   0.984995
    920.2760   0.985174
    920.3184   0.985342
    920.3608   0.985498
    920.4031   0.985643
    920.4455   0.985778
    920.4879   0.985904
    920.5302   0.986020
    920.5726   0.986127
    920.6150   0.986226
    920.6574   0.986317
    920.6997   0.986399
    920.7421   0.986474
    920.7845   0.986542
    920.8269   0.986602
    920.8693   0.986655
    920.9117   0.986701
    920.9541   0.986741
    920.9965   0.986774
    921.0389   0.986800
    921.0812   0.986820
    921.1236   0.986833
    921.1660   0.986839
    921.2085   0.986840
    921.2509   0.986833
    921.2933   0.986820
    921.3357   0.986801
    921.3781   0.986774
    921.4205   0.986741
    921.4629   0.986701
    921.5053   0.986653
    921.5477   0.986599
    921.5902   0.986536
    921.6326   0.986466
    921.6750   0.986388
    921.7174   0.986302
    921.7599   0.986206
    921.8023   0.986102
    921.8447   0.985988
    921.8872   0.985863
    921.9296   0.985728
    921.9720   0.985582
    922.0145   0.985424
    922.0569   0.985252
    922.0994   0.985067
    922.1418   0.984868
    922.1843   0.984652
    922.2267   0.984420
    922.2692   0.984169
    922.3116   0.983898
    922.3541   0.983605
    922.3965   0.983288
    922.4390   0.982945
    922.4814   0.982573
    922.5239   0.982169
    922.5664   0.981730
    922.6088   0.981251
    922.6513   0.980727
    922.6938   0.980154
    922.7363   0.979524
    922.7787   0.978829
    922.8212   0.978060
    922.8637   0.977206
    922.9062   0.976253
    922.9487   0.975184
    922.9911   0.973977
    923.0336   0.972607
    923.0761   0.971038
    923.1186   0.969227
    923.1611   0.967114
    923.2036   0.964621
    923.2461   0.961638
    923.2886   0.958003
    923.3311   0.953480
    923.3736   0.947690
    923.4161   0.940007
    923.4586   0.929338
    923.5011   0.914115
    923.5436   0.893165
    923.5861   0.864745
    923.6286   0.827347
    923.6712   0.780349
    923.7137   0.723708
    923.7562   0.659035
    923.7987   0.590011
    923.8413   0.522256
    923.8838   0.462636
    923.9263   0.418024
    923.9688   0.393813
    924.0114   0.392568
    924.0539   0.413240
    924.0964   0.451138
    924.1390   0.498667
    924.1815   0.547352
    924.2241   0.589061
    924.2666   0.616833
    924.3091   0.626653
    924.3517   0.617097
    924.3942   0.589310
    924.4368   0.546721
    924.4793   0.495764
    924.5219   0.444271
    924.5645   0.400323
    924.6070   0.371397
    924.6496   0.361960
    924.6921   0.372208
    924.7347   0.399054
    924.7773   0.436159
    924.8198   0.475918
    924.8624   0.510211
    924.9050   0.532437
    924.9476   0.539387
    924.9901   0.531920
    925.0327   0.514711
    925.0753   0.494730
    925.1179   0.480041
    925.1605   0.477991
    925.2031   0.492722
    925.2456   0.525175
    925.2882   0.572796
    925.3308   0.630264
    925.3734   0.691183
    925.4160   0.749689
    925.4586   0.801539
    925.5012   0.844526
    925.5438   0.878332
    925.5864   0.904037
    925.6290   0.922651
    925.6716   0.935631
    925.7143   0.944141
    925.7569   0.949781
    925.7995   0.953813
    925.8421   0.956844
    925.8847   0.959197
    925.9273   0.961063
    925.9700   0.962563
    926.0126   0.963779
    926.0552   0.964767
    926.0978   0.965570
    926.1405   0.966218
    926.1831   0.966735
    926.2257   0.967140
    926.2684   0.967447
    926.3110   0.967666
    926.3536   0.967808
    926.3963   0.967880
    926.4389   0.967887
    926.4816   0.967833
    926.5242   0.967724
    926.5669   0.967562
    926.6095   0.967349
    926.6522   0.967087
    926.6948   0.966778
    926.7375   0.966422
    926.7801   0.966020
    926.8228   0.965572
    926.8655   0.965078
    926.9081   0.964537
    926.9508   0.963949
    926.9935   0.963312
    927.0361   0.962626
    927.0788   0.961888
    927.1215   0.961096
    927.1642   0.960249
    927.2069   0.959344
    927.2495   0.958377
    927.2922   0.957346
    927.3349   0.956247
    927.3776   0.955076
    927.4203   0.953827
    927.4630   0.952497
    927.5057   0.951079
    927.5484   0.949567
    927.5911   0.947954
    927.6338   0.946232
    927.6765   0.944392
    927.7192   0.942425
    927.7619   0.940319
    927.8046   0.938062
    927.8473   0.935641
    927.8900   0.933040
    927.9327   0.930241
    927.9754   0.927225
    928.0181   0.923968
    928.0608   0.920447
    928.1036   0.916630
    928.1463   0.912484
    928.1890   0.907971
    928.2317   0.903047
    928.2745   0.897658
    928.3172   0.891746
    928.3599   0.885238
    928.4027   0.878053
    928.4454   0.870091
    928.4881   0.861235
    928.5309   0.851347
    928.5736   0.840258
    928.6164   0.827768
    928.6591   0.813633
    928.7019   0.797558
    928.7446   0.779190
    928.7874   0.758107
    928.8301   0.733816
    928.8729   0.705774
    928.9156   0.673437
    928.9584   0.636351
    929.0011   0.594240
    929.0439   0.547046
    929.0867   0.495071
    929.1294   0.439096
    929.1722   0.380435
    929.2150   0.320888
    929.2578   0.262589
    929.3005   0.207752
    929.3433   0.158366
    929.3861   0.115934
    929.4289   0.081369
    929.4717   0.054942
    929.5144   0.036378
    929.5572   0.025100
    929.6000   0.020505
    929.6428   0.022174
    929.6856   0.029948
    929.7284   0.043844
    929.7712   0.063839
    929.8140   0.089587
    929.8568   0.120165
    929.8996   0.153957
    929.9424   0.188717
    929.9852   0.221728
    930.0280   0.250152
    930.0708   0.271374
    930.1136   0.283298
    930.1565   0.284680
    930.1993   0.275324
    930.2421   0.256126
    930.2849   0.228995
    930.3277   0.196671
    930.3706   0.162358
    930.4134   0.129299
    930.4562   0.100338
    930.4990   0.077560
    930.5419   0.062079
    930.5847   0.054249
    930.6276   0.053556
    930.6704   0.058541
    930.7132   0.067198
    930.7561   0.077568
    930.7989   0.087707
    930.8418   0.096302
    930.8846   0.103168
    930.9275   0.109445
    930.9703   0.117482
    931.0132   0.130281
    931.0560   0.150569
    931.0989   0.179900
    931.1417   0.217975
    931.1846   0.262350
    931.2275   0.308846
    931.2703   0.352574
    931.3132   0.388321
    931.3561   0.411544
    931.3989   0.419381
    931.4418   0.411227
    931.4847   0.388375
    931.5276   0.354369
    931.5705   0.314712
    931.6133   0.275872
    931.6562   0.244208
    931.6991   0.225267
    931.7420   0.222286
    931.7849   0.235264
    931.8278   0.261977
    931.8707   0.297309
    931.9136   0.335197
    931.9565   0.369105
    931.9994   0.393528
    932.0423   0.405662
    932.0852   0.406095
    932.1281   0.398616
    932.1710   0.389320
    932.2139   0.385516
    932.2568   0.393573
    932.2997   0.417211
    932.3426   0.456798
    932.3855   0.509780
    932.4285   0.571262
    932.4714   0.635385
    932.5143   0.696760
    932.5572   0.751466
    932.6002   0.797450
    932.6431   0.834406
    932.6860   0.863233
    932.7290   0.884768
    932.7719   0.900633
    932.8148   0.911977
    932.8578   0.920236
    932.9007   0.926634
    932.9437   0.931817
    932.9866   0.936147
    933.0295   0.939845
    933.0725   0.943058
    933.1154   0.945885
    933.1584   0.948399
    933.2014   0.950655
    933.2443   0.952693
    933.2873   0.954545
    933.3302   0.956239
    933.3732   0.957794
    933.4162   0.959227
    933.4591   0.960553
    933.5021   0.961783
    933.5451   0.962928
    933.5880   0.963996
    933.6310   0.964994
    933.6740   0.965930
    933.7170   0.966808
    933.7600   0.967633
    933.8029   0.968410
    933.8459   0.969143
    933.8889   0.969834
    933.9319   0.970488
    933.9749   0.971106
    934.0179   0.971691
    934.0609   0.972245
    934.1039   0.972771
    934.1469   0.973270
    934.1899   0.973743
    934.2329   0.974193
    934.2759   0.974620
    934.3189   0.975025
    934.3619   0.975411
    934.4049   0.975778
    934.4479   0.976126
    934.4909   0.976457
    934.5339   0.976771
    934.5770   0.977070
    934.6200   0.977354
    934.6630   0.977623
    934.7060   0.977878
    934.7491   0.978120
    934.7921   0.978349
    934.8351   0.978566
    934.8781   0.978770
    934.9212   0.978963
    934.9642   0.979144
    935.0073   0.979314
    935.0503   0.979474
    935.0933   0.979623
    935.1364   0.979762
    935.1794   0.979890
    935.2225   0.980008
    935.2655   0.980117
    935.3086   0.980216
    935.3516   0.980305
    935.3947   0.980385
    935.4377   0.980455
    935.4808   0.980516
    935.5239   0.980567
    935.5669   0.980608
    935.6100   0.980640
    935.6531   0.980662
    935.6961   0.980674
    935.7392   0.980676
    935.7823   0.980669
    935.8254   0.980650
    935.8684   0.980621
    935.9115   0.980581
    935.9546   0.980530
    935.9977   0.980468
    936.0408   0.980393
    936.0838   0.980306
    936.1269   0.980206
    936.1700   0.980092
    936.2131   0.979964
    936.2562   0.979822
    936.2993   0.979663
    936.3424   0.979488
    936.3855   0.979296
    936.4286   0.979085
    936.4717   0.978854
    936.5148   0.978601
    936.5579   0.978326
    936.6011   0.978027
    936.6442   0.977701
    936.6873   0.977346
    936.7304   0.976961
    936.7735   0.976542
    936.8166   0.976086
    936.8598   0.975590
    936.9029   0.975049
    936.9460   0.974459
    936.9891   0.973816
    937.0323   0.973112
    937.0754   0.972340
    937.1185   0.971493
    937.1617   0.970561
    937.2048   0.969532
    937.2480   0.968392
    937.2911   0.967126
    937.3343   0.965715
    937.3774   0.964133
    937.4206   0.962353
    937.4637   0.960337
    937.5069   0.958042
    937.5500   0.955407
    937.5932   0.952359
    937.6363   0.948798
    937.6795   0.944592
    937.7227   0.939555
    937.7658   0.933426
    937.8090   0.925823
    937.8522   0.916163
    937.8953   0.903551
    937.9385   0.886693
    937.9817   0.864316
    938.0248   0.835122
    938.0680   0.797554
    938.1112   0.750413
    938.1544   0.693686
    938.1976   0.628347
    938.2408   0.556884
    938.2840   0.483534
    938.3271   0.413973
    938.3703   0.354539
    938.4135   0.311117
    938.4567   0.287912
    938.4999   0.286432
    938.5431   0.304935
    938.5863   0.338539
    938.6295   0.380310
    938.6727   0.422470
    938.7160   0.457270
    938.7592   0.478416
    938.8024   0.482398
    938.8456   0.468516
    938.8888   0.438594
    938.9320   0.397183
    938.9752   0.351109
    939.0185   0.307975
    939.0617   0.274807
    939.1049   0.257413
    939.1481   0.258814
    939.1914   0.278359
    939.2346   0.312240
    939.2778   0.354549
    939.3211   0.397538
    939.3643   0.434215
    939.4076   0.458654
    939.4508   0.467470
    939.4941   0.460759
    939.5373   0.441966
    939.5805   0.417426
    939.6238   0.395357
    939.6670   0.383732
    939.7103   0.388348
    939.7536   0.412094
    939.7968   0.454356
    939.8401   0.511212
    939.8833   0.576678
    939.9266   0.644261
    939.9699   0.708333
    940.0131   0.764993
    940.0564   0.812342
    940.0997   0.850241
    940.1430   0.879423
    940.1862   0.900984
    940.2295   0.916733
    940.2728   0.927818
    940.3161   0.935773
    940.3594   0.941774
    940.4026   0.946480
    940.4459   0.950277
    940.4892   0.953406
    940.5325   0.956028
    940.5758   0.958253
    940.6191   0.960160
    940.6624   0.961810
    940.7057   0.963246
    940.7490   0.964503
    940.7923   0.965609
    940.8356   0.966585
    940.8789   0.967448
    940.9222   0.968214
    940.9656   0.968894
    941.0089   0.969498
    941.0522   0.970034
    941.0955   0.970510
    941.1388   0.970932
    941.1821   0.971304
    941.2255   0.971632
    941.2688   0.971918
    941.3121   0.972167
    941.3555   0.972381
    941.3988   0.972562
    941.4421   0.972713
    941.4855   0.972837
    941.5288   0.972933
    941.5721   0.973005
    941.6155   0.973053
    941.6588   0.973079
    941.7022   0.973083
    941.7455   0.973066
    941.7889   0.973029
    941.8322   0.972973
    941.8756   0.972899
    941.9189   0.972806
    941.9623   0.972695
    942.0057   0.972566
    942.0490   0.972421
    942.0924   0.972258
    942.1357   0.972079
    942.1791   0.971882
    942.2225   0.971669
    942.2659   0.971439
    942.3092   0.971192
    942.3526   0.970928
    942.3960   0.970647
    942.4394   0.970348
    942.4827   0.970032
    942.5261   0.969698
    942.5695   0.969346
    942.6129   0.968975
    942.6563   0.968584
    942.6997   0.968175
    942.7431   0.967745
    942.7865   0.967294
    942.8299   0.966822
    942.8733   0.966328
    942.9167   0.965811
    942.9601   0.965271
    943.0035   0.964706
    943.0469   0.964115
    943.0903   0.963498
    943.1337   0.962854
    943.1771   0.962181
    943.2205   0.961477
    943.2640   0.960743
    943.3074   0.959975
    943.3508   0.959173
    943.3942   0.958335
    943.4377   0.957459
    943.4811   0.956544
    943.5245   0.955586
    943.5679   0.954584
    943.6114   0.953536
    943.6548   0.952438
    943.6983   0.951289
    943.7417   0.950084
    943.7851   0.948821
    943.8286   0.947497
    943.8720   0.946107
    943.9155   0.944647
    943.9589   0.943113
    944.0024   0.941500
    944.0458   0.939802
    944.0893   0.938014
    944.1327   0.936130
    944.1762   0.934143
    944.2197   0.932044
    944.2631   0.929827
    944.3066   0.927482
    944.3501   0.924999
    944.3935   0.922367
    944.4370   0.919574
    944.4805   0.916607
    944.5240   0.913452
    944.5674   0.910092
    944.6109   0.906508
    944.6544   0.902681
    944.6979   0.898588
    944.7414   0.894204
    944.7849   0.889501
    944.8284   0.884445
    944.8718   0.879003
    944.9153   0.873132
    944.9588   0.866786
    945.0023   0.859912
    945.0458   0.852451
    945.0893   0.844333
    945.1328   0.835478
    945.1763   0.825795
    945.2199   0.815178
    945.2634   0.803505
    945.3069   0.790633
    945.3504   0.776395
    945.3939   0.760601
    945.4374   0.743025
    945.4809   0.723408
    945.5245   0.701455
    945.5680   0.676829
    945.6115   0.649163
    945.6550   0.618064
    945.6986   0.583166
    945.7421   0.544340
    945.7856   0.501532
    945.8292   0.454926
    945.8727   0.405061
    945.9163   0.352885
    945.9598   0.299764
    946.0033   0.247397
    946.0469   0.197644
    946.0904   0.152281
    946.1340   0.112741
    946.1775   0.079911
    946.2211   0.054055
    946.2647   0.034838
    946.3082   0.021457
    946.3518   0.012842
    946.3953   0.007877
    946.4389   0.005582
    946.4825   0.005161
    946.5260   0.005968
    946.5696   0.007478
    946.6132   0.009228
    946.6567   0.010735
    946.7003   0.011762
    946.7439   0.012163
    946.7875   0.011878
    946.8311   0.010997
    946.8747   0.009744
    946.9182   0.008384
    946.9618   0.007156
    947.0054   0.006212
    947.0490   0.005590
    947.0926   0.005222
    947.1362   0.004970
    947.1798   0.004735
    947.2234   0.004585
    947.2670   0.004759
    947.3106   0.005666
    947.3542   0.007910
    947.3978   0.012335
    947.4414   0.020017
    947.4850   0.032154
    947.5287   0.049929
    947.5723   0.074320
    947.6159   0.105885
    947.6595   0.144617
    947.7031   0.189858
    947.7468   0.240301
    947.7904   0.294165
    947.8340   0.349479
    947.8776   0.404330
    947.9213   0.457082
    947.9649   0.506517
    948.0085   0.551876
    948.0522   0.592824
    948.0958   0.629342
    948.1395   0.661619
    948.1831   0.690008
    948.2268   0.714958
    948.2704   0.736923
    948.3141   0.756323
    948.3577   0.773526
    948.4014   0.788845
    948.4450   0.802543
    948.4887   0.814844
    948.5323   0.825932
    948.5760   0.835965
    948.6197   0.845075
    948.6633   0.853374
    948.7070   0.860958
    948.7507   0.867907
    948.7944   0.874294
    948.8380   0.880177
    948.8817   0.885610
    948.9254   0.890638
    948.9691   0.895301
    949.0127   0.899635
    949.0564   0.903669
    949.1001   0.907431
    949.1438   0.910946
    949.1875   0.914234
    949.2312   0.917315
    949.2749   0.920205
    949.3186   0.922921
    949.3623   0.925475
    949.4060   0.927881
    949.4497   0.930149
    949.4934   0.932289
    949.5371   0.934311
    949.5808   0.936223
    949.6245   0.938032
    949.6682   0.939746
    949.7119   0.941371
    949.7557   0.942912
    949.7994   0.944374
    949.8431   0.945764
    949.8868   0.947084
    949.9305   0.948340
    949.9743   0.949535
    950.0180   0.950672
    950.0617   0.951754
    950.1055   0.952786
    950.1492   0.953768
    950.1929   0.954705
    950.2367   0.955597
    950.2804   0.956449
    950.3242   0.957260
    950.3679   0.958034
    950.4117   0.958772
    950.4554   0.959476
    950.4992   0.960147
    950.5429   0.960787
    950.5867   0.961396
    950.6304   0.961977
    950.6742   0.962530
    950.7179   0.963056
    950.7617   0.963556
    950.8055   0.964032
    950.8492   0.964483
    950.8930   0.964911
    950.9368   0.965316
    950.9806   0.965700
    951.0243   0.966061
    951.0681   0.966402
    951.1119   0.966723
    951.1557   0.967023
    951.1995   0.967304
    951.2432   0.967565
    951.2870   0.967808
    951.3308   0.968031
    951.3746   0.968236
    951.4184   0.968422
    951.4622   0.968589
    951.5060   0.968738
    951.5498   0.968868
    951.5936   0.968980
    951.6374   0.969073
    951.6812   0.969148
    951.7250   0.969202
    951.7688   0.969238
    951.8126   0.969254
    951.8564   0.969249
    951.9003   0.969224
    951.9441   0.969177
    951.9879   0.969108
    952.0317   0.969016
    952.0755   0.968901
    952.1194   0.968760
    952.1632   0.968594
    952.2070   0.968401
    952.2509   0.968180
    952.2947   0.967928
    952.3385   0.967645
    952.3824   0.967328
    952.4262   0.966975
    952.4700   0.966583
    952.5139   0.966151
    952.5577   0.965674
    952.6016   0.965150
    952.6454   0.964574
    952.6893   0.963942
    952.7331   0.963248
    952.7770   0.962488
    952.8209   0.961655
    952.8647   0.960741
    952.9086   0.959738
    952.9524   0.958635
    952.9963   0.957422
    953.0402   0.956085
    953.0840   0.954608
    953.1279   0.952974
    953.1718   0.951160
    953.2157   0.949140
    953.2595   0.946884
    953.3034   0.944353
    953.3473   0.941502
    953.3912   0.938273
    953.4351   0.934596
    953.4790   0.930380
    953.5229   0.925510
    953.5668   0.919834
    953.6106   0.913154
    953.6545   0.905198
    953.6984   0.895593
    953.7423   0.883815
    953.7862   0.869122
    953.8301   0.850500
    953.8741   0.826774
    953.9180   0.796888
    953.9619   0.759677
    954.0058   0.714101
    954.0497   0.659611
    954.0936   0.596752
    954.1375   0.527317
    954.1815   0.454278
    954.2254   0.381787
    954.2693   0.314791
    954.3132   0.258354
    954.3572   0.216813
    954.4011   0.192954
    954.4450   0.187377
    954.4890   0.198230
    954.5329   0.221521
    954.5768   0.251755
    954.6208   0.282493
    954.6647   0.307492
    954.7087   0.321734
    954.7526   0.322457
    954.7966   0.309399
    954.8405   0.284578
    954.8845   0.252339
    954.9284   0.218424
    954.9724   0.188906
    955.0163   0.169069
    955.0603   0.162796
    955.1043   0.171978
    955.1482   0.195901
    955.1922   0.231333
    955.2362   0.273569
    955.2801   0.316575
    955.3241   0.353948
    955.3681   0.380581
    955.4121   0.393080
    955.4560   0.390292
    955.5000   0.373977
    955.5440   0.348910
    955.5880   0.321890
    955.6320   0.300489
    955.6760   0.291493
    955.7200   0.299764
    955.7640   0.327388
    955.8079   0.373219
    955.8519   0.433335
    955.8959   0.502097
    955.9399   0.573426
    955.9840   0.641964
    956.0280   0.703838
    956.0720   0.756938
    956.1160   0.800667
    956.1600   0.835237
    956.2040   0.861905
    956.2480   0.882262
    956.2920   0.897509
    956.3361   0.908965
    956.3801   0.917846
    956.4241   0.924942
    956.4681   0.930750
    956.5122   0.935597
    956.5562   0.939704
    956.6002   0.943228
    956.6442   0.946285
    956.6883   0.948959
    956.7323   0.951315
    956.7764   0.953406
    956.8204   0.955271
    956.8644   0.956943
    956.9085   0.958448
    956.9525   0.959808
    956.9966   0.961041
    957.0406   0.962161
    957.0847   0.963183
    957.1288   0.964117
    957.1728   0.964971
    957.2169   0.965754
    957.2609   0.966473
    957.3050   0.967133
    957.3491   0.967741
    957.3931   0.968300
    957.4372   0.968815
    957.4813   0.969289
    957.5254   0.969726
    957.5694   0.970128
    957.6135   0.970498
    957.6576   0.970838
    957.7017   0.971150
    957.7458   0.971436
    957.7898   0.971697
    957.8339   0.971936
    957.8780   0.972152
    957.9221   0.972349
    957.9662   0.972526
    958.0103   0.972685
    958.0544   0.972826
    958.0985   0.972950
    958.1426   0.973059
    958.1867   0.973152
    958.2308   0.973231
    958.2749   0.973295
    958.3190   0.973346
    958.3632   0.973384
    958.4073   0.973409
    958.4514   0.973422
    958.4955   0.973422
    958.5396   0.973411
    958.5838   0.973388
    958.6279   0.973354
    958.6720   0.973309
    958.7161   0.973253
    958.7603   0.973186
    958.8044   0.973109
    958.8485   0.973021
    958.8927   0.972922
    958.9368   0.972813
    958.9810   0.972693
    959.0251   0.972563
    959.0692   0.972422
    959.1134   0.972271
    959.1575   0.972110
    959.2017   0.971937
    959.2458   0.971754
    959.2900   0.971561
    959.3342   0.971356
    959.3783   0.971140
    959.4225   0.970913
    959.4666   0.970674
    959.5108   0.970424
    959.5550   0.970161
    959.5992   0.969887
    959.6433   0.969600
    959.6875   0.969300
    959.7317   0.968987
    959.7759   0.968660
    959.8200   0.968320
    959.8642   0.967965
    959.9084   0.967596
    959.9526   0.967211
    959.9968   0.966811
    960.0410   0.966394
    960.0852   0.965960
    960.1294   0.965508
    960.1735   0.965039
    960.2177   0.964550
    960.2619   0.964042
    960.3062   0.963513
    960.3504   0.962962
    960.3946   0.962389
    960.4388   0.961792
    960.4830   0.961170
    960.5272   0.960523
    960.5714   0.959848
    960.6156   0.959145
    960.6598   0.958412
    960.7041   0.957646
    960.7483   0.956847
    960.7925   0.956013
    960.8367   0.955140
    960.8810   0.954228
    960.9252   0.953273
    960.9694   0.952273
    961.0137   0.951224
    961.0579   0.950124
    961.1021   0.948968
    961.1464   0.947753
    961.1906   0.946473
    961.2349   0.945125
    961.2791   0.943702
    961.3234   0.942198
    961.3676   0.940607
    961.4119   0.938919
    961.4561   0.937127
    961.5004   0.935219
    961.5447   0.933184
    961.5889   0.931009
    961.6332   0.928677
    961.6774   0.926172
    961.7217   0.923470
    961.7660   0.920547
    961.8103   0.917373
    961.8545   0.913912
    961.8988   0.910120
    961.9431   0.905942
    961.9874   0.901312
    962.0316   0.896147
    962.0759   0.890340
    962.1202   0.883751
    962.1645   0.876198
    962.2088   0.867435
    962.2531   0.857124
    962.2974   0.844792
    962.3417   0.829771
    962.3860   0.811144
    962.4303   0.787825
    962.4746   0.758838
    962.5189   0.723124
    962.5632   0.679712
    962.6075   0.628063
    962.6518   0.568604
    962.6961   0.502937
    962.7404   0.433747
    962.7847   0.364820
    962.8291   0.300710
    962.8734   0.246120
    962.9177   0.205119
    962.9620   0.180365
    963.0064   0.172494
    963.0507   0.179873
    963.0950   0.198953
    963.1394   0.224695
    963.1837   0.251163
    963.2280   0.272610
    963.2724   0.284634
    963.3167   0.284922
    963.3611   0.273329
    963.4054   0.251905
    963.4497   0.224825
    963.4941   0.197436
    963.5384   0.175117
    963.5828   0.162185
    963.6272   0.161292
    963.6715   0.173073
    963.7159   0.195854
    963.7602   0.225980
    963.8046   0.258697
    963.8490   0.289010
    963.8933   0.312243
    963.9377   0.324856
    963.9821   0.325023
    964.0264   0.312457
    964.0708   0.288592
    964.1152   0.256459
    964.1596   0.219943
    964.2040   0.183043
    964.2483   0.149324
    964.2927   0.121503
    964.3371   0.100838
    964.3815   0.087062
    964.4259   0.078706
    964.4703   0.073650
    964.5147   0.069737
    964.5591   0.065284
    964.6035   0.059379
    964.6479   0.051915
    964.6923   0.043389
    964.7367   0.034492
    964.7811   0.025946
    964.8255   0.018470
    964.8699   0.012463
    964.9144   0.007971
    964.9588   0.005031
    965.0032   0.003623
    965.0476   0.003705
    965.0920   0.005318
    965.1365   0.008616
    965.1809   0.013841
    965.2253   0.021236
    965.2697   0.030940
    965.3142   0.042868
    965.3586   0.056604
    965.4030   0.071367
    965.4475   0.086053
    965.4919   0.099362
    965.5364   0.109951
    965.5808   0.116636
    965.6253   0.118612
    965.6697   0.115605
    965.7142   0.107930
    965.7586   0.096447
    965.8031   0.082406
    965.8475   0.067269
    965.8920   0.052531
    965.9365   0.039531
    965.9809   0.029348
    966.0254   0.022806
    966.0699   0.020566
    966.1143   0.023236
    966.1588   0.031448
    966.2033   0.045848
    966.2477   0.067001
    966.2922   0.095222
    966.3367   0.130412
    966.3812   0.171946
    966.4257   0.218676
    966.4702   0.269066
    966.5146   0.321365
    966.5591   0.373814
    966.6036   0.424846
    966.6481   0.473233
    966.6926   0.518145
    966.7371   0.559136
    966.7816   0.596068
    966.8261   0.629026
    966.8706   0.658268
    966.9151   0.684156
    966.9596   0.707085
    967.0042   0.727437
    967.0487   0.745560
    967.0932   0.761754
    967.1377   0.776280
    967.1822   0.789358
    967.2267   0.801177
    967.2713   0.811894
    967.3158   0.821646
    967.3603   0.830546
    967.4048   0.838694
    967.4494   0.846173
    967.4939   0.853056
    967.5384   0.859406
    967.5830   0.865278
    967.6275   0.870718
    967.6721   0.875768
    967.7166   0.880466
    967.7612   0.884842
    967.8057   0.888925
    967.8503   0.892742
    967.8948   0.896312
    967.9394   0.899658
    967.9839   0.902796
    968.0285   0.905742
    968.0730   0.908512
    968.1176   0.911117
    968.1622   0.913570
    968.2067   0.915881
    968.2513   0.918059
    968.2959   0.920113
    968.3404   0.922052
    968.3850   0.923881
    968.4296   0.925609
    968.4742   0.927239
    968.5187   0.928779
    968.5633   0.930232
    968.6079   0.931604
    968.6525   0.932898
    968.6971   0.934119
    968.7417   0.935268
    968.7863   0.936351
    968.8309   0.937369
    968.8755   0.938324
    968.9201   0.939220
    968.9647   0.940058
    969.0093   0.940841
    969.0539   0.941569
    969.0985   0.942244
    969.1431   0.942867
    969.1877   0.943440
    969.2323   0.943964
    969.2769   0.944438
    969.3215   0.944864
    969.3662   0.945241
    969.4108   0.945571
    969.4554   0.945852
    969.5000   0.946086
    969.5447   0.946270
    969.5893   0.946405
    969.6339   0.946490
    969.6786   0.946524
    969.7232   0.946505
    969.7678   0.946433
    969.8125   0.946304
    969.8571   0.946118
    969.9018   0.945871
    969.9464   0.945560
    969.9911   0.945183
    970.0357   0.944736
    970.0804   0.944214
    970.1250   0.943613
    970.1697   0.942926
    970.2143   0.942148
    970.2590   0.941272
    970.3037   0.940289
    970.3483   0.939190
    970.3930   0.937964
    970.4377   0.936599
    970.4823   0.935081
    970.5270   0.933393
    970.5717   0.931516
    970.6164   0.929428
    970.6610   0.927103
    970.7057   0.924510
    970.7504   0.921611
    970.7951   0.918365
    970.8398   0.914717
    970.8845   0.910604
    970.9291   0.905949
    970.9738   0.900656
    971.0185   0.894603
    971.0632   0.887641
    971.1079   0.879576
    971.1526   0.870159
    971.1973   0.859062
    971.2420   0.845856
    971.2868   0.829969
    971.3315   0.810657
    971.3762   0.787010
    971.4209   0.758088
    971.4656   0.723064
    971.5103   0.681149
    971.5550   0.631839
    971.5998   0.575181
    971.6445   0.512008
    971.6892   0.444232
    971.7340   0.374711
    971.7787   0.306941
    971.8234   0.244713
    971.8681   0.191621
    971.9129   0.150538
    971.9576   0.123164
    972.0024   0.109737
    972.0471   0.108999
    972.0919   0.118391
    972.1366   0.134242
    972.1814   0.152213
    972.2261   0.167984
    972.2709   0.177923
    972.3156   0.179739
    972.3604   0.172915
    972.4051   0.158653
    972.4499   0.139762
    972.4947   0.119997
    972.5394   0.103372
    972.5842   0.093521
    972.6290   0.093105
    972.6737   0.103601
    972.7185   0.125059
    972.7633   0.155881
    972.8081   0.193015
    972.8528   0.232558
    972.8976   0.269819
    972.9424   0.300023
    972.9872   0.319185
    973.0320   0.325097
    973.0768   0.317546
    973.1216   0.298593
    973.1664   0.272426
    973.2112   0.244810
    973.2560   0.222142
    973.3008   0.210355
    973.3456   0.214051
    973.3904   0.235656
    973.4352   0.275015
    973.4800   0.329560
    973.5248   0.394949
    973.5696   0.465966
    973.6144   0.537481
    973.6592   0.605223
    973.7041   0.666227
    973.7489   0.718854
    973.7937   0.762532
    973.8385   0.797875
    973.8833   0.826044
    973.9282   0.848284
    973.9730   0.865647
    974.0178   0.879338
    974.0627   0.890363
    974.1075   0.899427
    974.1524   0.907013
    974.1972   0.913458
    974.2420   0.919002
    974.2869   0.923822
    974.3317   0.928050
    974.3766   0.931789
    974.4214   0.935117
    974.4663   0.938098
    974.5112   0.940781
    974.5560   0.943208
    974.6009   0.945412
    974.6457   0.947421
    974.6906   0.949259
    974.7355   0.950946
    974.7803   0.952497
    974.8252   0.953929
    974.8701   0.955252
    974.9150   0.956478
    974.9598   0.957616
    975.0047   0.958674
    975.0496   0.959660
    975.0945   0.960579
    975.1394   0.961437
    975.1842   0.962239
    975.2291   0.962990
    975.2740   0.963694
    975.3189   0.964353
    975.3638   0.964972
    975.4087   0.965553
    975.4536   0.966098
    975.4985   0.966611
    975.5434   0.967093
    975.5883   0.967546
    975.6332   0.967972
    975.6781   0.968372
    975.7231   0.968748
    975.7680   0.969102
    975.8129   0.969434
    975.8578   0.969745
    975.9027   0.970038
    975.9476   0.970312
    975.9926   0.970568
    976.0375   0.970808
    976.0824   0.971032
    976.1274   0.971240
    976.1723   0.971434
    976.2172   0.971613
    976.2622   0.971779
    976.3071   0.971932
    976.3520   0.972073
    976.3970   0.972201
    976.4419   0.972317
    976.4869   0.972422
    976.5318   0.972515
    976.5768   0.972598
    976.6217   0.972670
    976.6667   0.972731
    976.7117   0.972783
    976.7566   0.972824
    976.8016   0.972856
    976.8465   0.972878
    976.8915   0.972890
    976.9365   0.972893
    976.9814   0.972887
    977.0264   0.972871
    977.0714   0.972846
    977.1164   0.972812
    977.1613   0.972769
    977.2063   0.972717
    977.2513   0.972655
    977.2963   0.972584
    977.3413   0.972505
    977.3863   0.972415
    977.4313   0.972317
    977.4762   0.972209
    977.5212   0.972091
    977.5662   0.971964
    977.6112   0.971827
    977.6562   0.971680
    977.7012   0.971523
    977.7463   0.971356
    977.7913   0.971177
    977.8363   0.970989
    977.8813   0.970789
    977.9263   0.970577
    977.9713   0.970354
    978.0163   0.970119
    978.0613   0.969872
    978.1064   0.969611
    978.1514   0.969338
    978.1964   0.969051
    978.2414   0.968750
    978.2865   0.968433
    978.3315   0.968102
    978.3765   0.967755
    978.4216   0.967391
    978.4666   0.967010
    978.5117   0.966611
    978.5567   0.966193
    978.6017   0.965755
    978.6468   0.965297
    978.6918   0.964816
    978.7369   0.964313
    978.7819   0.963786
    978.8270   0.963233
    978.8721   0.962653
    978.9171   0.962044
    978.9622   0.961406
    979.0072   0.960735
    979.0523   0.960031
    979.0974   0.959290
    979.1424   0.958511
    979.1875   0.957690
    979.2326   0.956826
    979.2777   0.955914
    979.3227   0.954951
    979.3678   0.953934
    979.4129   0.952858
    979.4580   0.951719
    979.5031   0.950511
    979.5482   0.949228
    979.5933   0.947865
    979.6383   0.946413
    979.6834   0.944865
    979.7285   0.943211
    979.7736   0.941441
    979.8187   0.939543
    979.8638   0.937504
    979.9089   0.935308
    979.9541   0.932938
    979.9992   0.930374
    980.0443   0.927590
    980.0894   0.924561
    980.1345   0.921254
    980.1796   0.917629
    980.2247   0.913643
    980.2699   0.909240
    980.3150   0.904356
    980.3601   0.898910
    980.4052   0.892805
    980.4504   0.885920
    980.4955   0.878102
    980.5406   0.869160
    980.5858   0.858848
    980.6309   0.846847
    980.6760   0.832741
    980.7212   0.815988
    980.7663   0.795889
    980.8115   0.771601
    980.8566   0.742242
    980.9018   0.707044
    980.9469   0.665309
    980.9921   0.616595
    981.0372   0.560978
    981.0824   0.499246
    981.1276   0.433123
    981.1727   0.365263
    981.2179   0.298909
    981.2631   0.237547
    981.3082   0.184468
    981.3534   0.142306
    981.3986   0.112642
    981.4438   0.095773
    981.4889   0.090704
    981.5341   0.095307
    981.5793   0.106441
    981.6245   0.120358
    981.6697   0.133263
    981.7148   0.141899
    981.7600   0.144136
    981.8052   0.139376
    981.8504   0.128514
    981.8956   0.113881
    981.9408   0.098708
    981.9860   0.086496
    982.0312   0.080459
    982.0764   0.082995
    982.1216   0.095407
    982.1668   0.117789
    982.2121   0.148818
    982.2573   0.185785
    982.3025   0.225045
    982.3477   0.262450
    982.3929   0.293610
    982.4381   0.314615
    982.4834   0.322772
    982.5286   0.317439
    982.5738   0.299849
    982.6190   0.273075
    982.6643   0.241773
    982.7095   0.211525
    982.7547   0.188030
    982.8000   0.176364
    982.8452   0.180138
    982.8905   0.200914
    982.9357   0.238047
    982.9810   0.288912
    983.0262   0.349469
    983.0715   0.415006
    983.1167   0.480921
    983.1620   0.543359
    983.2072   0.599572
    983.2525   0.647914
    983.2977   0.687853
    983.3430   0.719894
    983.3883   0.745000
    983.4335   0.764246
    983.4788   0.778587
    983.5241   0.789100
    983.5694   0.796702
    983.6146   0.802056
    983.6599   0.805624
    983.7052   0.807725
    983.7505   0.808581
    983.7957   0.808349
    983.8410   0.807136
    983.8863   0.805016
    983.9316   0.802035
    983.9769   0.798217
    984.0222   0.793569
    984.0675   0.788082
    984.1128   0.781731
    984.1581   0.774481
    984.2034   0.766282
    984.2487   0.757071
    984.2940   0.746770
    984.3393   0.735289
    984.3846   0.722520
    984.4299   0.708342
    984.4753   0.692613
    984.5206   0.675177
    984.5659   0.655860
    984.6112   0.634475
    984.6565   0.610826
    984.7019   0.584720
    984.7472   0.555980
    984.7925   0.524474
    984.8379   0.490149
    984.8832   0.453071
    984.9285   0.413464
    984.9739   0.371744
    985.0192   0.328537
    985.0645   0.284689
    985.1099   0.241235
    985.1552   0.199331
    985.2006   0.160145
    985.2459   0.124730
    985.2913   0.093891
    985.3366   0.068094
    985.3820   0.047424
    985.4274   0.031603
    985.4727   0.020091
    985.5181   0.012205
    985.5634   0.007255
    985.6088   0.004655
    985.6542   0.004004
    985.6996   0.005122
    985.7449   0.008039
    985.7903   0.012948
    985.8357   0.020106
    985.8811   0.029724
    985.9264   0.041841
    985.9718   0.056207
    986.0172   0.072206
    986.0626   0.088859
    986.1080   0.104905
    986.1534   0.118959
    986.1988   0.129682
    986.2442   0.135956
    986.2896   0.137072
    986.3350   0.132856
    986.3804   0.123715
    986.4258   0.110571
    986.4712   0.094729
    986.5166   0.077682
    986.5620   0.060923
    986.6074   0.045780
    986.6528   0.033295
    986.6983   0.024201
    986.7437   0.019007
    986.7891   0.018135
    986.8345   0.022040
    986.8799   0.031269
    986.9254   0.046426
    986.9708   0.068049
    987.0162   0.096428
    987.0617   0.131444
    987.1071   0.172469
    987.1525   0.218397
    987.1980   0.267753
    987.2434   0.318861
    987.2889   0.370047
    987.3343   0.419831
    987.3798   0.467059
    987.4252   0.510948
    987.4707   0.551076
    987.5161   0.587303
    987.5616   0.619706
    987.6070   0.648523
    987.6525   0.674091
    987.6980   0.696778
    987.7434   0.716941
    987.7889   0.734906
    987.8344   0.750962
    987.8798   0.765357
    987.9253   0.778305
    987.9708   0.789988
    988.0163   0.800559
    988.0618   0.810153
    988.1072   0.818882
    988.1527   0.826842
    988.1982   0.834117
    988.2437   0.840779
    988.2892   0.846890
    988.3347   0.852502
    988.3802   0.857664
    988.4257   0.862416
    988.4712   0.866794
    988.5167   0.870828
    988.5622   0.874547
    988.6077   0.877975
    988.6532   0.881132
    988.6987   0.884039
    988.7442   0.886710
    988.7897   0.889160
    988.8352   0.891403
    988.8808   0.893449
    988.9263   0.895307
    988.9718   0.896987
    989.0173   0.898494
    989.0628   0.899835
    989.1084   0.901015
    989.1539   0.902037
    989.1994   0.902904
    989.2450   0.903617
    989.2905   0.904178
    989.3360   0.904586
    989.3816   0.904840
    989.4271   0.904937
    989.4727   0.904874
    989.5182   0.904647
    989.5638   0.904249
    989.6093   0.903672
    989.6549   0.902908
    989.7004   0.901946
    989.7460   0.900773
    989.7916   0.899374
    989.8371   0.897731
    989.8827   0.895823
    989.9282   0.893625
    989.9738   0.891109
    990.0194   0.888239
    990.0650   0.884975
    990.1105   0.881271
    990.1561   0.877067
    990.2017   0.872296
    990.2473   0.866875
    990.2928   0.860704
    990.3384   0.853661
    990.3840   0.845596
    990.4296   0.836321
    990.4752   0.825603
    990.5208   0.813150
    990.5664   0.798591
    990.6120   0.781459
    990.6576   0.761174
    990.7032   0.737051
    990.7488   0.708349
    990.7944   0.674407
    990.8400   0.634700
    990.8856   0.588890
    990.9312   0.537040
    990.9768   0.479786
    991.0225   0.418439
    991.0681   0.355014
    991.1137   0.292144
    991.1593   0.232707
    991.2049   0.179436
    991.2506   0.134565
    991.2962   0.099547
    991.3418   0.074901
    991.3875   0.060223
    991.4331   0.054320
    991.4787   0.055324
    991.5244   0.060859
    991.5700   0.068340
    991.6157   0.075294
    991.6613   0.079691
    991.7070   0.080247
    991.7526   0.076682
    991.7983   0.069756
    991.8439   0.061087
    991.8896   0.052767
    991.9352   0.047025
    991.9809   0.045926
    992.0266   0.051100
    992.0722   0.063535
    992.1179   0.083490
    992.1636   0.110302
    992.2092   0.142252
    992.2549   0.176738
    992.3006   0.210568
    992.3463   0.240065
    992.3919   0.261686
    992.4376   0.272687
    992.4833   0.271871
    992.5290   0.259796
    992.5747   0.238668
    992.6204   0.212219
    992.6661   0.185255
    992.7117   0.162954
    992.7574   0.150204
    992.8031   0.150894
    992.8488   0.167322
    992.8945   0.199896
    992.9403   0.247149
    992.9860   0.306056
    993.0317   0.372576
    993.0774   0.442322
    993.1231   0.511202
    993.1688   0.575902
    993.2145   0.634088
    993.2602   0.684502
    993.3060   0.727034
    993.3517   0.762251
    993.3974   0.791075
    993.4431   0.814442
    993.4889   0.833328
    993.5346   0.848749
    993.5803   0.861529
    993.6261   0.872282
    993.6718   0.881451
    993.7176   0.889362
    993.7633   0.896257
    993.8090   0.902319
    993.8548   0.907692
    993.9005   0.912485
    993.9463   0.916787
    993.9920   0.920669
    994.0378   0.924188
    994.0836   0.927393
    994.1293   0.930322
    994.1751   0.933008
    994.2208   0.935481
    994.2666   0.937763
    994.3124   0.939874
    994.3581   0.941833
    994.4039   0.943654
    994.4497   0.945351
    994.4955   0.946935
    994.5412   0.948417
    994.5870   0.949805
    994.6328   0.951107
    994.6786   0.952330
    994.7244   0.953481
    994.7702   0.954565
    994.8160   0.955588
    994.8618   0.956553
    994.9075   0.957465
    994.9533   0.958327
    994.9991   0.959144
    995.0449   0.959917
    995.0908   0.960651
    995.1366   0.961346
    995.1824   0.962007
    995.2282   0.962634
    995.2740   0.963229
    995.3198   0.963795
    995.3656   0.964334
    995.4114   0.964845
    995.4573   0.965332
    995.5031   0.965796
    995.5489   0.966236
    995.5947   0.966655
    995.6406   0.967054
    995.6864   0.967434
    995.7322   0.967794
    995.7781   0.968137
    995.8239   0.968463
    995.8697   0.968773
    995.9156   0.969067
    995.9614   0.969346
    996.0073   0.969610
    996.0531   0.969861
    996.0990   0.970098
    996.1448   0.970321
    996.1907   0.970533
    996.2365   0.970731
    996.2824   0.970919
    996.3282   0.971094
    996.3741   0.971258
    996.4200   0.971412
    996.4658   0.971554
    996.5117   0.971686
    996.5576   0.971808
    996.6035   0.971920
    996.6493   0.972022
    996.6952   0.972114
    996.7411   0.972196
    996.7870   0.972269
    996.8329   0.972333
    996.8787   0.972388
    996.9246   0.972433
    996.9705   0.972470
    997.0164   0.972497
    997.0623   0.972515
    997.1082   0.972525
    997.1541   0.972525
    997.2000   0.972516
    997.2459   0.972499
    997.2918   0.972472
    997.3377   0.972436
    997.3836   0.972391
    997.4295   0.972337
    997.4755   0.972274
    997.5214   0.972201
    997.5673   0.972119
    997.6132   0.972027
    997.6591   0.971925
    997.7051   0.971813
    997.7510   0.971690
    997.7969   0.971558
    997.8428   0.971415
    997.8888   0.971260
    997.9347   0.971095
    997.9806   0.970918
    998.0266   0.970730
    998.0725   0.970529
    998.1185   0.970316
    998.1644   0.970090
    998.2104   0.969850
    998.2563   0.969597
    998.3023   0.969329
    998.3482   0.969047
    998.3942   0.968749
    998.4401   0.968436
    998.4861   0.968105
    998.5320   0.967757
    998.5780   0.967392
    998.6240   0.967007
    998.6699   0.966603
    998.7159   0.966177
    998.7619   0.965730
    998.8079   0.965261
    998.8538   0.964767
    998.8998   0.964248
    998.9458   0.963703
    998.9918   0.963130
    999.0378   0.962527
    999.0838   0.961893
    999.1297   0.961226
    999.1757   0.960524
    999.2217   0.959785
    999.2677   0.959006
    999.3137   0.958185
    999.3597   0.957319
    999.4057   0.956406
    999.4517   0.955441
    999.4977   0.954422
    999.5438   0.953344
    999.5898   0.952203
    999.6358   0.950994
    999.6818   0.949713
    999.7278   0.948352
    999.7738   0.946907
    999.8198   0.945369
    999.8659   0.943730
    999.9119   0.941983
    999.9579   0.940117
   1000.0040   0.938121
   1000.0500   0.935983
   1000.0960   0.933689
   1000.1421   0.931223
   1000.1881   0.928567
   1000.2341   0.925701
   1000.2802   0.922601
   1000.3262   0.919241
   1000.3723   0.915591
   1000.4183   0.911613
   1000.4644   0.907267
   1000.5104   0.902505
   1000.5565   0.897268
   1000.6025   0.891489
   1000.6486   0.885089
   1000.6947   0.877969
   1000.7407   0.870014
   1000.7868   0.861082
   1000.8329   0.850999
   1000.8789   0.839549
   1000.9250   0.826468
   1000.9711   0.811422
   1001.0171   0.793998
   1001.0632   0.773686
   1001.1093   0.749871
   1001.1554   0.721870
   1001.2015   0.689016
   1001.2476   0.650776
   1001.2937   0.606773
   1001.3397   0.556925
   1001.3858   0.501633
   1001.4319   0.441909
   1001.4780   0.379410
   1001.5241   0.316400
   1001.5702   0.255554
   1001.6163   0.199556
   1001.6624   0.150728
   1001.7086   0.110732
   1001.7547   0.080385
   1001.8008   0.059634
   1001.8469   0.047667
   1001.8930   0.043053
   1001.9391   0.043869
   1001.9852   0.047938
   1002.0314   0.053077
   1002.0775   0.057355
   1002.1236   0.059336
   1002.1698   0.058325
   1002.2159   0.054484
   1002.2620   0.048795
   1002.3082   0.042811
   1002.3543   0.038356
   1002.4004   0.037282
   1002.4466   0.041238
   1002.4927   0.051449
   1002.5389   0.068552
   1002.5850   0.092490
   1002.6312   0.122316
   1002.6773   0.156101
   1002.7235   0.191116
   1002.7696   0.224164
   1002.8158   0.251756
   1002.8620   0.270720
   1002.9081   0.278769
   1002.9543   0.274948
   1003.0004   0.260029
   1003.0466   0.236306
   1003.0928   0.207365
   1003.1390   0.177663
   1003.1851   0.152010
   1003.2313   0.134991
   1003.2775   0.130357
   1003.3237   0.140531
   1003.3699   0.166338
   1003.4161   0.206959
   1003.4622   0.260095
   1003.5084   0.322348
   1003.5546   0.389732
   1003.6008   0.458245
   1003.6470   0.524360
   1003.6932   0.585337
   1003.7394   0.639411
   1003.7856   0.685957
   1003.8318   0.725138
   1003.8780   0.757613
   1003.9243   0.784247
   1003.9705   0.805901
   1004.0167   0.823547
   1004.0629   0.838078
   1004.1091   0.850192
   1004.1553   0.860413
   1004.2016   0.869130
   1004.2478   0.876632
   1004.2940   0.883140
   1004.3402   0.888823
   1004.3865   0.893815
   1004.4327   0.898220
   1004.4789   0.902122
   1004.5252   0.905590
   1004.5714   0.908679
   1004.6177   0.911435
   1004.6639   0.913897
   1004.7102   0.916096
   1004.7564   0.918060
   1004.8027   0.919812
   1004.8489   0.921371
   1004.8952   0.922754
   1004.9414   0.923974
   1004.9877   0.925046
   1005.0339   0.925978
   1005.0802   0.926781
   1005.1265   0.927461
   1005.1727   0.928026
   1005.2190   0.928481
   1005.2653   0.928832
   1005.3116   0.929081
   1005.3578   0.929234
   1005.4041   0.929291
   1005.4504   0.929255
   1005.4967   0.929129
   1005.5430   0.928912
   1005.5892   0.928606
   1005.6355   0.928210
   1005.6818   0.927724
   1005.7281   0.927147
   1005.7744   0.926478
   1005.8207   0.925714
   1005.8670   0.924854
   1005.9133   0.923895
   1005.9596   0.922833
   1006.0059   0.921665
   1006.0522   0.920385
   1006.0985   0.918989
   1006.1449   0.917471
   1006.1912   0.915824
   1006.2375   0.914042
   1006.2838   0.912115
   1006.3301   0.910034
   1006.3764   0.907789
   1006.4228   0.905369
   1006.4691   0.902760
   1006.5154   0.899948
   1006.5618   0.896917
   1006.6081   0.893647
   1006.6544   0.890120
   1006.7008   0.886312
   1006.7471   0.882196
   1006.7935   0.877744
   1006.8398   0.872922
   1006.8861   0.867693
   1006.9325   0.862014
   1006.9788   0.855837
   1007.0252   0.849107
   1007.0716   0.841759
   1007.1179   0.833720
   1007.1643   0.824908
   1007.2106   0.815225
   1007.2570   0.804559
   1007.3034   0.792782
   1007.3497   0.779744
   1007.3961   0.765272
   1007.4425   0.749166
   1007.4888   0.731198
   1007.5352   0.711109
   1007.5816   0.688608
   1007.6280   0.663382
   1007.6744   0.635109
   1007.7207   0.603487
   1007.7671   0.568282
   1007.8135   0.529391
   1007.8599   0.486898
   1007.9063   0.441121
   1007.9527   0.392673
   1007.9991   0.342496
   1008.0455   0.291846
   1008.0919   0.242214
   1008.1383   0.195178
   1008.1847   0.152218
   1008.2311   0.114527
   1008.2775   0.082864
   1008.3239   0.057501
   1008.3704   0.038274
   1008.4168   0.024692
   1008.4632   0.016116
   1008.5096   0.011943
   1008.5560   0.011771
   1008.6025   0.015468
   1008.6489   0.023161
   1008.6953   0.035124
   1008.7418   0.051604
   1008.7882   0.072632
   1008.8346   0.097862
   1008.8811   0.126477
   1008.9275   0.157165
   1008.9740   0.188181
   1009.0204   0.217513
   1009.0668   0.243096
   1009.1133   0.263040
   1009.1597   0.275829
   1009.2062   0.280425
   1009.2527   0.276354
   1009.2991   0.263791
   1009.3456   0.243593
   1009.3920   0.217261
   1009.4385   0.186809
   1009.4850   0.154566
   1009.5314   0.122963
   1009.5779   0.094250
   1009.6244   0.070280
   1009.6709   0.052441
   1009.7173   0.041708
   1009.7638   0.038759
   1009.8103   0.044099
   1009.8568   0.058110
   1009.9033   0.080995
   1009.9497   0.112651
   1009.9962   0.152508
   1010.0427   0.199430
   1010.0892   0.251723
   1010.1357   0.307301
   1010.1822   0.363969
   1010.2287   0.419671
   1010.2752   0.472678
   1010.3217   0.521733
   1010.3682   0.566091
   1010.4147   0.605470
   1010.4613   0.639931
   1010.5078   0.669751
   1010.5543   0.695370
   1010.6008   0.717315
   1010.6473   0.736107
   1010.6938   0.752219
   1010.7404   0.766051
   1010.7869   0.777936
   1010.8334   0.788148
   1010.8799   0.796910
   1010.9265   0.804402
   1010.9730   0.810771
   1011.0196   0.816135
   1011.0661   0.820588
   1011.1126   0.824205
   1011.1592   0.827044
   1011.2057   0.829148
   1011.2523   0.830548
   1011.2988   0.831262
   1011.3454   0.831297
   1011.3919   0.830649
   1011.4385   0.829304
   1011.4850   0.827235
   1011.5316   0.824401
   1011.5782   0.820749
   1011.6247   0.816209
   1011.6713   0.810691
   1011.7179   0.804082
   1011.7644   0.796241
   1011.8110   0.786993
   1011.8576   0.776120
   1011.9042   0.763354
   1011.9507   0.748360
   1011.9973   0.730732
   1012.0439   0.709981
   1012.0905   0.685548
   1012.1371   0.656854
   1012.1837   0.623387
   1012.2303   0.584792
   1012.2769   0.540910
   1012.3235   0.491924
   1012.3701   0.438496
   1012.4167   0.381845
   1012.4633   0.323713
   1012.5099   0.266261
   1012.5565   0.211856
   1012.6031   0.162717
   1012.6497   0.120586
   1012.6963   0.086522
   1012.7429   0.060825
   1012.7895   0.043102
   1012.8362   0.032421
   1012.8828   0.027445
   1012.9294   0.026596
   1012.9760   0.028238
   1013.0227   0.030826
   1013.0693   0.033055
   1013.1159   0.033988
   1013.1626   0.033196
   1013.2092   0.030852
   1013.2558   0.027674
   1013.3025   0.024741
   1013.3491   0.023324
   1013.3958   0.024749
   1013.4424   0.030264
   1013.4891   0.040886
   1013.5357   0.057241
   1013.5824   0.079438
   1013.6290   0.106875
   1013.6757   0.138092
   1013.7224   0.170824
   1013.7690   0.202298
   1013.8157   0.229451
   1013.8624   0.249346
   1013.9090   0.259679
   1013.9557   0.259154
   1014.0024   0.247904
   1014.0491   0.227589
   1014.0957   0.201095
   1014.1424   0.172208
   1014.1891   0.145204
   1014.2358   0.124386
   1014.2825   0.113546
   1014.3292   0.115523
   1014.3759   0.131897
   1014.4225   0.162847
   1014.4692   0.207162
   1014.5159   0.262426
   1014.5626   0.325352
   1014.6093   0.392238
   1014.6560   0.459448
   1014.7028   0.523821
   1014.7495   0.582939
   1014.7962   0.635409
   1014.8429   0.680780
   1014.8896   0.719256
   1014.9363   0.751466
   1014.9830   0.778177
   1015.0298   0.800218
   1015.0765   0.818496
   1015.1232   0.833813
   1015.1699   0.846803
   1015.2167   0.857946
   1015.2634   0.867604
   1015.3101   0.876052
   1015.3569   0.883504
   1015.4036   0.890124
   1015.4503   0.896044
   1015.4971   0.901368
   1015.5438   0.906181
   1015.5906   0.910552
   1015.6373   0.914540
   1015.6841   0.918190
   1015.7308   0.921544
   1015.7776   0.924636
   1015.8244   0.927493
   1015.8711   0.930142
   1015.9179   0.932603
   1015.9646   0.934895
   1016.0114   0.937035
   1016.0582   0.939035
   1016.1049   0.940910
   1016.1517   0.942668
   1016.1985   0.944322
   1016.2453   0.945878
   1016.2921   0.947346
   1016.3388   0.948731
   1016.3856   0.950040
   1016.4324   0.951279
   1016.4792   0.952452
   1016.5260   0.953564
   1016.5728   0.954620
   1016.6196   0.955623
   1016.6664   0.956577
   1016.7132   0.957484
   1016.7600   0.958348
   1016.8068   0.959171
   1016.8536   0.959955
   1016.9004   0.960704
   1016.9472   0.961419
   1016.9940   0.962101
   1017.0408   0.962753
   1017.0876   0.963376
   1017.1345   0.963972
   1017.1813   0.964542
   1017.2281   0.965087
   1017.2749   0.965609
   1017.3217   0.966109
   1017.3686   0.966587
   1017.4154   0.967045
   1017.4622   0.967483
   1017.5091   0.967903
   1017.5559   0.968305
   1017.6028   0.968690
   1017.6496   0.969059
   1017.6964   0.969412
   1017.7433   0.969750
   1017.7901   0.970073
   1017.8370   0.970382
   1017.8838   0.970678
   1017.9307   0.970960
   1017.9776   0.971230
   1018.0244   0.971488
   1018.0713   0.971733
   1018.1181   0.971967
   1018.1650   0.972190
   1018.2119   0.972403
   1018.2587   0.972604
   1018.3056   0.972795
   1018.3525   0.972976
   1018.3994   0.973147
   1018.4462   0.973309
   1018.4931   0.973461
   1018.5400   0.973604
   1018.5869   0.973738
   1018.6338   0.973862
   1018.6807   0.973978
   1018.7276   0.974086
   1018.7745   0.974184
   1018.8214   0.974275
   1018.8683   0.974357
   1018.9152   0.974430
   1018.9621   0.974496
   1019.0090   0.974553
   1019.0559   0.974602
   1019.1028   0.974643
   1019.1497   0.974676
   1019.1966   0.974701
   1019.2435   0.974718
   1019.2904   0.974727
   1019.3374   0.974728
   1019.3843   0.974720
   1019.4312   0.974704
   1019.4781   0.974681
   1019.5251   0.974648
   1019.5720   0.974608
   1019.6189   0.974559
   1019.6659   0.974501
   1019.7128   0.974435
   1019.7597   0.974360
   1019.8067   0.974276
   1019.8536   0.974182
   1019.9006   0.974080
   1019.9475   0.973968
   1019.9945   0.973846
   1020.0414   0.973714
   1020.0884   0.973572
   1020.1353   0.973420
   1020.1823   0.973257
   1020.2292   0.973083
   1020.2762   0.972898
   1020.3232   0.972701
   1020.3701   0.972492
   1020.4171   0.972270
   1020.4641   0.972036
   1020.5110   0.971789
   1020.5580   0.971528
   1020.6050   0.971252
   1020.6520   0.970962
   1020.6990   0.970657
   1020.7460   0.970335
   1020.7929   0.969997
   1020.8399   0.969642
   1020.8869   0.969269
   1020.9339   0.968877
   1020.9809   0.968465
   1021.0279   0.968032
   1021.0749   0.967578
   1021.1219   0.967101
   1021.1689   0.966601
   1021.2159   0.966075
   1021.2629   0.965524
   1021.3099   0.964944
   1021.3569   0.964336
   1021.4040   0.963697
   1021.4510   0.963025
   1021.4980   0.962320
   1021.5450   0.961577
   1021.5920   0.960797
   1021.6391   0.959975
   1021.6861   0.959110
   1021.7331   0.958200
   1021.7802   0.957239
   1021.8272   0.956227
   1021.8742   0.955159
   1021.9213   0.954030
   1021.9683   0.952838
   1022.0154   0.951577
   1022.0624   0.950243
   1022.1094   0.948829
   1022.1565   0.947330
   1022.2035   0.945740
   1022.2506   0.944049
   1022.2977   0.942251
   1022.3447   0.940336
   1022.3918   0.938294
   1022.4388   0.936114
   1022.4859   0.933784
   1022.5330   0.931288
   1022.5800   0.928612
   1022.6271   0.925737
   1022.6742   0.922643
   1022.7213   0.919307
   1022.7683   0.915704
   1022.8154   0.911803
   1022.8625   0.907571
   1022.9096   0.902967
   1022.9567   0.897947
   1023.0038   0.892458
   1023.0509   0.886438
   1023.0979   0.879814
   1023.1450   0.872502
   1023.1921   0.864400
   1023.2392   0.855387
   1023.2863   0.845318
   1023.3334   0.834017
   1023.3805   0.821273
   1023.4277   0.806827
   1023.4748   0.790364
   1023.5219   0.771501
   1023.5690   0.749781
   1023.6161   0.724671
   1023.6632   0.695591
   1023.7103   0.661990
   1023.7575   0.623445
   1023.8046   0.579712
   1023.8517   0.530813
   1023.8989   0.477198
   1023.9460   0.419846
   1023.9931   0.360286
   1024.0403   0.300515
   1024.0874   0.242839
   1024.1345   0.189581
   1024.1817   0.142723
   1024.2288   0.103627
   1024.2760   0.072901
   1024.3231   0.050418
   1024.3703   0.035442
   1024.4174   0.026780
   1024.4646   0.022949
   1024.5117   0.022377
   1024.5589   0.023557
   1024.6061   0.025178
   1024.6532   0.026234
   1024.7004   0.026139
   1024.7476   0.024823
   1024.7947   0.022728
   1024.8419   0.020710
   1024.8891   0.019862
   1024.9363   0.021409
   1024.9834   0.026586
   1025.0306   0.036506
   1025.0778   0.051990
   1025.1250   0.073416
   1025.1722   0.100557
   1025.2194   0.132400
   1025.2666   0.167067
   1025.3138   0.201947
   1025.3610   0.234074
   1025.4082   0.260446
   1025.4554   0.278349
   1025.5026   0.285802
   1025.5498   0.281876
   1025.5970   0.266968
   1025.6442   0.242949
   1025.6914   0.212814
   1025.7386   0.180345
   1025.7858   0.149765
   1025.8330   0.125274
   1025.8803   0.110564
   1025.9275   0.108447
   1025.9747   0.120598
   1026.0219   0.147416
   1026.0692   0.188009
   1026.1164   0.240307
   1026.1636   0.301318
   1026.2109   0.367505
   1026.2581   0.435236
   1026.3054   0.501196
   1026.3526   0.562704
   1026.3998   0.618035
   1026.4471   0.666433
   1026.4943   0.707859
   1026.5416   0.742780
   1026.5888   0.771915
   1026.6361   0.796037
   1026.6834   0.816032
   1026.7306   0.832744
   1026.7779   0.846862
   1026.8251   0.858922
   1026.8724   0.869327
   1026.9197   0.878390
   1026.9669   0.886349
   1027.0142   0.893390
   1027.0615   0.899660
   1027.1088   0.905276
   1027.1561   0.910334
   1027.2033   0.914910
   1027.2506   0.919069
   1027.2979   0.922864
   1027.3452   0.926338
   1027.3925   0.929529
   1027.4398   0.932469
   1027.4871   0.935185
   1027.5344   0.937702
   1027.5817   0.940038
   1027.6290   0.942211
   1027.6763   0.944238
   1027.7236   0.946131
   1027.7709   0.947903
   1027.8182   0.949563
   1027.8655   0.951122
   1027.9128   0.952587
   1027.9601   0.953967
   1028.0075   0.955267
   1028.0548   0.956495
   1028.1021   0.957654
   1028.1494   0.958751
   1028.1968   0.959789
   1028.2441   0.960773
   1028.2914   0.961706
   1028.3388   0.962591
   1028.3861   0.963433
   1028.4334   0.964232
   1028.4808   0.964993
   1028.5281   0.965717
   1028.5755   0.966407
   1028.6228   0.967064
   1028.6702   0.967690
   1028.7175   0.968288
   1028.7649   0.968858
   1028.8122   0.969403
   1028.8596   0.969922
   1028.9069   0.970419
   1028.9543   0.970893
   1029.0017   0.971347
   1029.0490   0.971780
   1029.0964   0.972194
   1029.1438   0.972591
   1029.1911   0.972969
   1029.2385   0.973331
   1029.2859   0.973678
   1029.3333   0.974008
   1029.3807   0.974325
   1029.4280   0.974627
   1029.4754   0.974916
   1029.5228   0.975192
   1029.5702   0.975455
   1029.6176   0.975707
   1029.6650   0.975947
   1029.7124   0.976175
   1029.7598   0.976393
   1029.8072   0.976601
   1029.8546   0.976798
   1029.9020   0.976985
   1029.9494   0.977163
   1029.9968   0.977332
   1030.0442   0.977491
   1030.0917   0.977642
   1030.1391   0.977784
   1030.1865   0.977918
   1030.2339   0.978044
   1030.2813   0.978161
   1030.3288   0.978271
   1030.3762   0.978373
   1030.4236   0.978468
   1030.4710   0.978555
   1030.5185   0.978635
   1030.5659   0.978708
   1030.6134   0.978773
   1030.6608   0.978832
   1030.7082   0.978884
   1030.7557   0.978928
   1030.8031   0.978966
   1030.8506   0.978997
   1030.8980   0.979022
   1030.9455   0.979040
   1030.9929   0.979051
   1031.0404   0.979055
   1031.0879   0.979053
   1031.1353   0.979044
   1031.1828   0.979028
   1031.2303   0.979006
   1031.2777   0.978977
   1031.3252   0.978941
   1031.3727   0.978898
   1031.4202   0.978848
   1031.4676   0.978792
   1031.5151   0.978728
   1031.5626   0.978657
   1031.6101   0.978579
   1031.6576   0.978494
   1031.7051   0.978401
   1031.7525   0.978300
   1031.8000   0.978192
   1031.8475   0.978076
   1031.8950   0.977952
   1031.9425   0.977819
   1031.9900   0.977678
   1032.0375   0.977529
   1032.0850   0.977370
   1032.1326   0.977203
   1032.1801   0.977026
   1032.2276   0.976839
   1032.2751   0.976643
   1032.3226   0.976436
   1032.3701   0.976219
   1032.4177   0.975991
   1032.4652   0.975752
   1032.5127   0.975501
   1032.5602   0.975238
   1032.6078   0.974962
   1032.6553   0.974673
   1032.7028   0.974371
   1032.7504   0.974055
   1032.7979   0.973724
   1032.8455   0.973378
   1032.8930   0.973016
   1032.9405   0.972638
   1032.9881   0.972242
   1033.0356   0.971828
   1033.0832   0.971395
   1033.1307   0.970942
   1033.1783   0.970469
   1033.2259   0.969973
   1033.2734   0.969455
   1033.3210   0.968912
   1033.3686   0.968345
   1033.4161   0.967750
   1033.4637   0.967127
   1033.5113   0.966475
   1033.5588   0.965791
   1033.6064   0.965073
   1033.6540   0.964321
   1033.7016   0.963531
   1033.7492   0.962702
   1033.7967   0.961830
   1033.8443   0.960914
   1033.8919   0.959950
   1033.9395   0.958936
   1033.9871   0.957867
   1034.0347   0.956740
   1034.0823   0.955551
   1034.1299   0.954296
   1034.1775   0.952970
   1034.2251   0.951567
   1034.2727   0.950081
   1034.3203   0.948506
   1034.3679   0.946836
   1034.4156   0.945061
   1034.4632   0.943174
   1034.5108   0.941165
   1034.5584   0.939023
   1034.6060   0.936736
   1034.6537   0.934291
   1034.7013   0.931672
   1034.7489   0.928863
   1034.7965   0.925846
   1034.8442   0.922597
   1034.8918   0.919093
   1034.9394   0.915307
   1034.9871   0.911206
   1035.0347   0.906753
   1035.0824   0.901907
   1035.1300   0.896618
   1035.1777   0.890830
   1035.2253   0.884477
   1035.2730   0.877480
   1035.3206   0.869747
   1035.3683   0.861169
   1035.4159   0.851613
   1035.4636   0.840924
   1035.5113   0.828911
   1035.5589   0.815342
   1035.6066   0.799938
   1035.6543   0.782358
   1035.7020   0.762189
   1035.7496   0.738946
   1035.7973   0.712076
   1035.8450   0.681007
   1035.8927   0.645240
   1035.9404   0.604431
   1035.9880   0.558440
   1036.0357   0.507461
   1036.0834   0.452161
   1036.1311   0.393754
   1036.1788   0.333972
   1036.2265   0.274952
   1036.2742   0.219028
   1036.3219   0.168389
   1036.3696   0.124748
   1036.4173   0.089125
   1036.4650   0.061782
   1036.5127   0.042303
   1036.5604   0.029730
   1036.6082   0.022721
   1036.6559   0.019767
   1036.7036   0.019368
   1036.7513   0.020175
   1036.7990   0.021096
   1036.8468   0.021395
   1036.8945   0.020793
   1036.9422   0.019487
   1036.9900   0.018114
   1037.0377   0.017628
   1037.0854   0.019166
   1037.1332   0.023954
   1037.1809   0.033179
   1037.2287   0.047836
   1037.2764   0.068538
   1037.3241   0.095364
   1037.3719   0.127695
   1037.4196   0.164082
   1037.4674   0.202255
   1037.5152   0.239332
   1037.5629   0.272267
   1037.6107   0.298203
   1037.6584   0.314669
   1037.7062   0.319962
   1037.7540   0.313410
   1037.8017   0.295543
   1037.8495   0.268258
   1037.8973   0.234545
   1037.9451   0.198180
   1037.9928   0.163381
   1038.0406   0.134344
   1038.0884   0.114809
   1038.1362   0.107700
   1038.1840   0.114873
   1038.2318   0.136978
   1038.2796   0.173408
   1038.3274   0.222374
   1038.3752   0.281103
   1038.4230   0.346175
   1038.4708   0.413939
   1038.5186   0.480938
   1038.5664   0.544253
   1038.6142   0.601835
   1038.6620   0.652648
   1038.7098   0.696433
   1038.7576   0.733514
   1038.8054   0.764557
   1038.8532   0.790308
   1038.9011   0.811625
   1038.9489   0.829384
   1038.9967   0.844329
   1039.0445   0.857043
   1039.0924   0.867973
   1039.1402   0.877459
   1039.1880   0.885763
   1039.2359   0.893089
   1039.2837   0.899595
   1039.3315   0.905409
   1039.3794   0.910634
   1039.4272   0.915353
   1039.4751   0.919633
   1039.5229   0.923532
   1039.5708   0.927097
   1039.6186   0.930368
   1039.6665   0.933378
   1039.7143   0.936156
   1039.7622   0.938727
   1039.8101   0.941112
   1039.8579   0.943329
   1039.9058   0.945395
   1039.9537   0.947324
   1040.0015   0.949128
   1040.0494   0.950819
   1040.0973   0.952405
   1040.1452   0.953896
   1040.1930   0.955299
   1040.2409   0.956622
   1040.2888   0.957870
   1040.3367   0.959049
   1040.3846   0.960164
   1040.4325   0.961219
   1040.4804   0.962220
   1040.5283   0.963169
   1040.5762   0.964070
   1040.6241   0.964927
   1040.6720   0.965741
   1040.7199   0.966516
   1040.7678   0.967254
   1040.8157   0.967958
   1040.8636   0.968628
   1040.9115   0.969268
   1040.9594   0.969879
   1041.0073   0.970463
   1041.0552   0.971020
   1041.1032   0.971553
   1041.1511   0.972063
   1041.1990   0.972551
   1041.2469   0.973017
   1041.2949   0.973464
   1041.3428   0.973892
   1041.3907   0.974301
   1041.4387   0.974694
   1041.4866   0.975070
   1041.5346   0.975430
   1041.5825   0.975775
   1041.6305   0.976106
   1041.6784   0.976423
   1041.7264   0.976727
   1041.7743   0.977018
   1041.8223   0.977297
   1041.8702   0.977565
   1041.9182   0.977821
   1041.9661   0.978066
   1042.0141   0.978301
   1042.0621   0.978525
   1042.1100   0.978740
   1042.1580   0.978946
   1042.2060   0.979142
   1042.2540   0.979330
   1042.3019   0.979509
   1042.3499   0.979680
   1042.3979   0.979842
   1042.4459   0.979997
   1042.4939   0.980144
   1042.5418   0.980284
   1042.5898   0.980416
   1042.6378   0.980542
   1042.6858   0.980660
   1042.7338   0.980772
   1042.7818   0.980877
   1042.8298   0.980976
   1042.8778   0.981068
   1042.9258   0.981154
   1042.9738   0.981234
   1043.0218   0.981308
   1043.0699   0.981375
   1043.1179   0.981437
   1043.1659   0.981493
   1043.2139   0.981544
   1043.2619   0.981588
   1043.3100   0.981627
   1043.3580   0.981660
   1043.4060   0.981688
   1043.4540   0.981710
   1043.5021   0.981727
   1043.5501   0.981738
   1043.5981   0.981744
   1043.6462   0.981744
   1043.6942   0.981739
   1043.7423   0.981728
   1043.7903   0.981711
   1043.8384   0.981689
   1043.8864   0.981661
   1043.9345   0.981628
   1043.9825   0.981589
   1044.0306   0.981545
   1044.0786   0.981494
   1044.1267   0.981438
   1044.1748   0.981375
   1044.2228   0.981307
   1044.2709   0.981233
   1044.3190   0.981152
   1044.3670   0.981065
   1044.4151   0.980971
   1044.4632   0.980871
   1044.5113   0.980764
   1044.5593   0.980651
   1044.6074   0.980530
   1044.6555   0.980402
   1044.7036   0.980266
   1044.7517   0.980124
   1044.7998   0.979973
   1044.8479   0.979814
   1044.8960   0.979647
   1044.9441   0.979472
   1044.9922   0.979288
   1045.0403   0.979094
   1045.0884   0.978892
   1045.1365   0.978680
   1045.1846   0.978458
   1045.2327   0.978225
   1045.2808   0.977982
   1045.3289   0.977728
   1045.3770   0.977462
   1045.4252   0.977185
   1045.4733   0.976895
   1045.5214   0.976591
   1045.5695   0.976275
   1045.6177   0.975944
   1045.6658   0.975599
   1045.7139   0.975238
   1045.7621   0.974861
   1045.8102   0.974467
   1045.8584   0.974056
   1045.9065   0.973626
   1045.9546   0.973177
   1046.0028   0.972708
   1046.0509   0.972217
   1046.0991   0.971703
   1046.1472   0.971166
   1046.1954   0.970604
   1046.2436   0.970016
   1046.2917   0.969400
   1046.3399   0.968754
   1046.3880   0.968078
   1046.4362   0.967368
   1046.4844   0.966624
   1046.5326   0.965842
   1046.5807   0.965022
   1046.6289   0.964159
   1046.6771   0.963251
   1046.7253   0.962296
   1046.7734   0.961291
   1046.8216   0.960230
   1046.8698   0.959112
   1046.9180   0.957932
   1046.9662   0.956684
   1047.0144   0.955365
   1047.0626   0.953968
   1047.1108   0.952487
   1047.1590   0.950917
   1047.2072   0.949249
   1047.2554   0.947475
   1047.3036   0.945586
   1047.3518   0.943572
   1047.4000   0.941422
   1047.4482   0.939123
   1047.4965   0.936661
   1047.5447   0.934021
   1047.5929   0.931183
   1047.6411   0.928128
   1047.6893   0.924833
   1047.7376   0.921271
   1047.7858   0.917413
   1047.8340   0.913223
   1047.8823   0.908662
   1047.9305   0.903684
   1047.9787   0.898235
   1048.0270   0.892251
   1048.0752   0.885659
   1048.1235   0.878372
   1048.1717   0.870284
   1048.2200   0.861270
   1048.2682   0.851182
   1048.3165   0.839835
   1048.3647   0.827008
   1048.4130   0.812431
   1048.4612   0.795771
   1048.5095   0.776624
   1048.5578   0.754505
   1048.6060   0.728850
   1048.6543   0.699055
   1048.7026   0.664558
   1048.7508   0.624941
   1048.7991   0.579971
   1048.8474   0.529717
   1048.8957   0.474712
   1048.9440   0.416046
   1048.9922   0.355374
   1049.0405   0.294824
   1049.0888   0.236805
   1049.1371   0.183661
   1049.1854   0.137312
   1049.2337   0.098999
   1049.2820   0.069189
   1049.3303   0.047614
   1049.3786   0.033381
   1049.4269   0.025136
   1049.4752   0.021306
   1049.5235   0.020300
   1049.5718   0.020680
   1049.6202   0.021292
   1049.6685   0.021409
   1049.7168   0.020806
   1049.7651   0.019738
   1049.8134   0.018935
   1049.8618   0.019487
   1049.9101   0.022677
   1049.9584   0.029860
   1050.0067   0.042307
   1050.0551   0.061011
   1050.1034   0.086483
   1050.1518   0.118606
   1050.2001   0.156501
   1050.2484   0.198458
   1050.2968   0.242001
   1050.3451   0.284114
   1050.3935   0.321635
   1050.4418   0.351703
   1050.4902   0.371941
   1050.5385   0.380577
   1050.5869   0.376708
   1050.6353   0.360440
   1050.6836   0.333011
   1050.7320   0.296921
   1050.7804   0.255666
   1050.8287   0.213403
   1050.8771   0.174565
   1050.9255   0.143418
   1050.9738   0.123631
   1051.0222   0.117924
   1051.0706   0.127825
   1051.1190   0.153543
   1051.1674   0.193961
   1051.2158   0.246765
   1051.2641   0.308722
   1051.3125   0.376074
   1051.3609   0.445001
   1051.4093   0.512049
   1051.4577   0.574441
   1051.5061   0.630395
   1051.5545   0.679157
   1051.6029   0.720717
   1051.6513   0.755587
   1051.6998   0.784530
   1051.7482   0.808359
   1051.7966   0.827996
   1051.8450   0.844317
   1051.8934   0.858034
   1051.9418   0.869697
   1051.9903   0.879718
   1052.0387   0.888414
   1052.0871   0.896024
   1052.1355   0.902736
   1052.1840   0.908697
   1052.2324   0.914024
   1052.2808   0.918810
   1052.3293   0.923133
   1052.3777   0.927054
   1052.4262   0.930626
   1052.4746   0.933892
   1052.5231   0.936889
   1052.5715   0.939647
   1052.6200   0.942192
   1052.6684   0.944549
   1052.7169   0.946735
   1052.7653   0.948768
   1052.8138   0.950663
   1052.8622   0.952433
   1052.9107   0.954088
   1052.9592   0.955640
   1053.0076   0.957097
   1053.0561   0.958467
   1053.1046   0.959756
   1053.1531   0.960972
   1053.2015   0.962121
   1053.2500   0.963206
   1053.2985   0.964233
   1053.3470   0.965206
   1053.3955   0.966128
   1053.4440   0.967004
   1053.4925   0.967836
   1053.5410   0.968627
   1053.5895   0.969380
   1053.6380   0.970098
   1053.6865   0.970781
   1053.7350   0.971433
   1053.7835   0.972056
   1053.8320   0.972650
   1053.8805   0.973218
   1053.9290   0.973761
   1053.9775   0.974281
   1054.0260   0.974778
   1054.0745   0.975255
   1054.1231   0.975711
   1054.1716   0.976148
   1054.2201   0.976567
   1054.2686   0.976969
   1054.3172   0.977355
   1054.3657   0.977725
   1054.4142   0.978081
   1054.4628   0.978422
   1054.5113   0.978750
   1054.5599   0.979065
   1054.6084   0.979367
   1054.6569   0.979658
   1054.7055   0.979937
   1054.7540   0.980205
   1054.8026   0.980463
   1054.8511   0.980711
   1054.8997   0.980949
   1054.9483   0.981178
   1054.9968   0.981398
   1055.0454   0.981609
   1055.0940   0.981812
   1055.1425   0.982007
   1055.1911   0.982195
   1055.2397   0.982374
   1055.2882   0.982547
   1055.3368   0.982712
   1055.3854   0.982871
   1055.4340   0.983023
   1055.4826   0.983169
   1055.5311   0.983308
   1055.5797   0.983441
   1055.6283   0.983568
   1055.6769   0.983690
   1055.7255   0.983806
   1055.7741   0.983916
   1055.8227   0.984022
   1055.8713   0.984121
   1055.9199   0.984216
   1055.9685   0.984306
   1056.0171   0.984391
   1056.0657   0.984471
   1056.1144   0.984546
   1056.1630   0.984616
   1056.2116   0.984682
   1056.2602   0.984743
   1056.3088   0.984800
   1056.3574   0.984853
   1056.4061   0.984901
   1056.4547   0.984945
   1056.5033   0.984984
   1056.5520   0.985019
   1056.6006   0.985050
   1056.6492   0.985077
   1056.6979   0.985099
   1056.7465   0.985118
   1056.7952   0.985132
   1056.8438   0.985142
   1056.8925   0.985148
   1056.9411   0.985149
   1056.9898   0.985147
   1057.0384   0.985140
   1057.0871   0.985130
   1057.1357   0.985115
   1057.1844   0.985095
   1057.2331   0.985072
   1057.2817   0.985044
   1057.3304   0.985012
   1057.3791   0.984975
   1057.4277   0.984934
   1057.4764   0.984888
   1057.5251   0.984838
   1057.5738   0.984783
   1057.6225   0.984724
   1057.6711   0.984659
   1057.7198   0.984590
   1057.7685   0.984516
   1057.8172   0.984437
   1057.8659   0.984352
   1057.9146   0.984262
   1057.9633   0.984167
   1058.0120   0.984066
   1058.0607   0.983959
   1058.1094   0.983847
   1058.1581   0.983728
   1058.2068   0.983604
   1058.2555   0.983473
   1058.3042   0.983335
   1058.3530   0.983191
   1058.4017   0.983039
   1058.4504   0.982881
   1058.4991   0.982715
   1058.5478   0.982541
   1058.5966   0.982359
   1058.6453   0.982170
   1058.6940   0.981971
   1058.7428   0.981764
   1058.7915   0.981547
   1058.8402   0.981321
   1058.8890   0.981085
   1058.9377   0.980838
   1058.9865   0.980581
   1059.0352   0.980312
   1059.0840   0.980031
   1059.1327   0.979739
   1059.1815   0.979433
   1059.2302   0.979114
   1059.2790   0.978780
   1059.3277   0.978432
   1059.3765   0.978069
   1059.4253   0.977689
   1059.4740   0.977292
   1059.5228   0.976877
   1059.5716   0.976443
   1059.6203   0.975989
   1059.6691   0.975514
   1059.7179   0.975017
   1059.7667   0.974497
   1059.8155   0.973952
   1059.8643   0.973380
   1059.9130   0.972781
   1059.9618   0.972152
   1060.0106   0.971491
   1060.0594   0.970798
   1060.1082   0.970069
   1060.1570   0.969302
   1060.2058   0.968494
   1060.2546   0.967644
   1060.3034   0.966748
   1060.3522   0.965802
   1060.4010   0.964804
   1060.4499   0.963748
   1060.4987   0.962632
   1060.5475   0.961449
   1060.5963   0.960196
   1060.6451   0.958865
   1060.6939   0.957452
   1060.7428   0.955948
   1060.7916   0.954347
   1060.8404   0.952638
   1060.8893   0.950814
   1060.9381   0.948862
   1060.9869   0.946770
   1061.0358   0.944525
   1061.0846   0.942112
   1061.1335   0.939512
   1061.1823   0.936706
   1061.2312   0.933670
   1061.2800   0.930379
   1061.3289   0.926802
   1061.3777   0.922905
   1061.4266   0.918646
   1061.4754   0.913979
   1061.5243   0.908848
   1061.5732   0.903188
   1061.6220   0.896920
   1061.6709   0.889951
   1061.7198   0.882169
   1061.7686   0.873439
   1061.8175   0.863593
   1061.8664   0.852428
   1061.9153   0.839690
   1061.9641   0.825066
   1062.0130   0.808162
   1062.0619   0.788493
   1062.1108   0.765472
   1062.1597   0.738423
   1062.2086   0.706656
   1062.2575   0.669592
   1062.3064   0.626802
   1062.3553   0.578095
   1062.4042   0.523722
   1062.4531   0.464516
   1062.5020   0.401962
   1062.5509   0.338174
   1062.5998   0.275742
   1062.6487   0.217352
   1062.6976   0.165378
   1062.7466   0.121575
   1062.7955   0.086881
   1062.8444   0.061387
   1062.8933   0.044350
   1062.9423   0.034369
   1062.9912   0.029654
   1063.0401   0.028298
   1063.0891   0.028530
   1063.1380   0.028973
   1063.1869   0.028865
   1063.2359   0.028072
   1063.2848   0.027052
   1063.3338   0.026866
   1063.3827   0.029032
   1063.4317   0.035246
   1063.4806   0.047157
   1063.5296   0.066127
   1063.5785   0.092981
   1063.6275   0.127799
   1063.6764   0.169853
   1063.7254   0.217564
   1063.7744   0.268566
   1063.8233   0.319925
   1063.8723   0.368452
   1063.9213   0.411060
   1063.9702   0.445036
   1064.0192   0.468314
   1064.0682   0.479435
   1064.1172   0.477491
   1064.1662   0.462273
   1064.2151   0.434377
   1064.2641   0.395606
   1064.3131   0.348966
   1064.3621   0.298353
   1064.4111   0.248333
   1064.4601   0.203756
   1064.5091   0.169257
   1064.5581   0.148722
   1064.6071   0.144843
   1064.6561   0.158813
   1064.7051   0.190197
   1064.7541   0.237009
   1064.8032   0.295987
   1064.8522   0.363040
   1064.9012   0.433795
   1064.9502   0.504153
   1064.9992   0.570701
   1065.0482   0.630950
   1065.0973   0.683580
   1065.1463   0.728345
   1065.1953   0.765669
   1065.2444   0.796384
   1065.2934   0.821395
   1065.3424   0.841662
   1065.3915   0.858196
   1065.4405   0.871853
   1065.4896   0.883287
   1065.5386   0.892982
   1065.5877   0.901296
   1065.6367   0.908499
   1065.6858   0.914795
   1065.7348   0.920343
   1065.7839   0.925266
   1065.8329   0.929662
   1065.8820   0.933610
   1065.9311   0.937173
   1065.9801   0.940404
   1066.0292   0.943347
   1066.0783   0.946036
   1066.1273   0.948504
   1066.1764   0.950774
   1066.2255   0.952870
   1066.2746   0.954809
   1066.3237   0.956609
   1066.3727   0.958282
   1066.4218   0.959842
   1066.4709   0.961299
   1066.5200   0.962662
   1066.5691   0.963940
   1066.6182   0.965140
   1066.6673   0.966269
   1066.7164   0.967332
   1066.7655   0.968334
   1066.8146   0.969281
   1066.8637   0.970177
   1066.9128   0.971025
   1066.9619   0.971828
   1067.0111   0.972590
   1067.0602   0.973314
   1067.1093   0.974003
   1067.1584   0.974658
   1067.2075   0.975281
   1067.2567   0.975876
   1067.3058   0.976443
   1067.3549   0.976984
   1067.4040   0.977502
   1067.4532   0.977996
   1067.5023   0.978469
   1067.5515   0.978921
   1067.6006   0.979354
   1067.6497   0.979770
   1067.6989   0.980168
   1067.7480   0.980550
   1067.7972   0.980916
   1067.8463   0.981268
   1067.8955   0.981606
   1067.9447   0.981930
   1067.9938   0.982242
   1068.0430   0.982542
   1068.0921   0.982831
   1068.1413   0.983108
   1068.1905   0.983376
   1068.2396   0.983633
   1068.2888   0.983880
   1068.3380   0.984119
   1068.3872   0.984349
   1068.4364   0.984570
   1068.4855   0.984783
   1068.5347   0.984989
   1068.5839   0.985187
   1068.6331   0.985378
   1068.6823   0.985562
   1068.7315   0.985740
   1068.7807   0.985911
   1068.8299   0.986076
   1068.8791   0.986235
   1068.9283   0.986388
   1068.9775   0.986536
   1069.0267   0.986679
   1069.0759   0.986816
   1069.1251   0.986948
   1069.1743   0.987075
   1069.2235   0.987198
   1069.2728   0.987316
   1069.3220   0.987430
   1069.3712   0.987539
   1069.4204   0.987644
   1069.4697   0.987745
   1069.5189   0.987842
   1069.5681   0.987935
   1069.6173   0.988024
   1069.6666   0.988110
   1069.7158   0.988192
   1069.7651   0.988270
   1069.8143   0.988345
   1069.8636   0.988417
   1069.9128   0.988485
   1069.9620   0.988550
   1070.0113   0.988611
   1070.0606   0.988670
   1070.1098   0.988725
   1070.1591   0.988777
   1070.2083   0.988827
   1070.2576   0.988873
   1070.3069   0.988916
   1070.3561   0.988957
   1070.4054   0.988994
   1070.4547   0.989029
   1070.5039   0.989061
   1070.5532   0.989090
   1070.6025   0.989116
   1070.6518   0.989140
   1070.7011   0.989161
   1070.7504   0.989178
   1070.7996   0.989194
   1070.8489   0.989206
   1070.8982   0.989216
   1070.9475   0.989223
   1070.9968   0.989227
   1071.0461   0.989229
   1071.0954   0.989227
   1071.1447   0.989223
   1071.1940   0.989216
   1071.2433   0.989207
   1071.2927   0.989194
   1071.3420   0.989179
   1071.3913   0.989160
   1071.4406   0.989139
   1071.4899   0.989115
   1071.5392   0.989088
   1071.5886   0.989058
   1071.6379   0.989024
   1071.6872   0.988988
   1071.7366   0.988948
   1071.7859   0.988905
   1071.8352   0.988859
   1071.8846   0.988810
   1071.9339   0.988757
   1071.9833   0.988700
   1072.0326   0.988640
   1072.0819   0.988576
   1072.1313   0.988508
   1072.1806   0.988437
   1072.2300   0.988361
   1072.2794   0.988282
   1072.3287   0.988198
   1072.3781   0.988110
   1072.4274   0.988017
   1072.4768   0.987920
   1072.5262   0.987818
   1072.5755   0.987712
   1072.6249   0.987600
   1072.6743   0.987483
   1072.7237   0.987360
   1072.7731   0.987232
   1072.8224   0.987099
   1072.8718   0.986959
   1072.9212   0.986812
   1072.9706   0.986660
   1073.0200   0.986500
   1073.0694   0.986334
   1073.1188   0.986160
   1073.1682   0.985979
   1073.2176   0.985789
   1073.2670   0.985592
   1073.3164   0.985385
   1073.3658   0.985170
   1073.4152   0.984945
   1073.4646   0.984710
   1073.5140   0.984465
   1073.5634   0.984208
   1073.6129   0.983940
   1073.6623   0.983660
   1073.7117   0.983368
   1073.7611   0.983062
   1073.8105   0.982742
   1073.8600   0.982407
   1073.9094   0.982056
   1073.9588   0.981689
   1074.0083   0.981304
   1074.0577   0.980901
   1074.1072   0.980478
   1074.1566   0.980034
   1074.2060   0.979568
   1074.2555   0.979078
   1074.3049   0.978564
   1074.3544   0.978022
   1074.4039   0.977452
   1074.4533   0.976852
   1074.5028   0.976219
   1074.5522   0.975551
   1074.6017   0.974846
   1074.6512   0.974100
   1074.7006   0.973311
   1074.7501   0.972476
   1074.7996   0.971591
   1074.8490   0.970651
   1074.8985   0.969652
   1074.9480   0.968589
   1074.9975   0.967458
   1075.0470   0.966250
   1075.0965   0.964961
   1075.1459   0.963581
   1075.1954   0.962102
   1075.2449   0.960515
   1075.2944   0.958808
   1075.3439   0.956970
   1075.3934   0.954985
   1075.4429   0.952838
   1075.4924   0.950509
   1075.5419   0.947978
   1075.5914   0.945220
   1075.6410   0.942205
   1075.6905   0.938900
   1075.7400   0.935265
   1075.7895   0.931253
   1075.8390   0.926807
   1075.8885   0.921862
   1075.9381   0.916334
   1075.9876   0.910125
   1076.0371   0.903114
   1076.0867   0.895147
   1076.1362   0.886035
   1076.1857   0.875536
   1076.2353   0.863340
   1076.2848   0.849050
   1076.3344   0.832149
   1076.3839   0.811977
   1076.4334   0.787730
   1076.4830   0.758536
   1076.5325   0.723617
   1076.5821   0.682295
   1076.6317   0.634087
   1076.6812   0.578975
   1076.7308   0.517606
   1076.7803   0.451460
   1076.8299   0.382931
   1076.8795   0.315014
   1076.9291   0.250921
   1076.9786   0.193646
   1077.0282   0.145545
   1077.0778   0.108047
   1077.1274   0.081441
   1077.1769   0.064797
   1077.2265   0.056213
   1077.2761   0.053191
   1077.3257   0.053093
   1077.3753   0.053732
   1077.4249   0.053745
   1077.4745   0.052725
   1077.5241   0.051273
   1077.5737   0.050871
   1077.6233   0.053729
   1077.6729   0.062355
   1077.7225   0.078990
   1077.7721   0.105213
   1077.8217   0.141608
   1077.8713   0.187583
   1077.9209   0.241516
   1077.9706   0.300893
   1078.0202   0.362579
   1078.0698   0.423216
   1078.1194   0.479597
   1078.1691   0.529022
   1078.2187   0.569441
   1078.2683   0.599291
   1078.3180   0.617468
   1078.3676   0.623394
   1078.4172   0.616523
   1078.4669   0.596539
   1078.5165   0.563682
   1078.5662   0.519217
   1078.6158   0.465541
   1078.6655   0.406138
   1078.7151   0.345625
   1078.7648   0.289457
   1078.8144   0.243309
   1078.8641   0.212308
   1078.9138   0.200259
   1078.9634   0.209054
   1079.0131   0.238375
   1079.0628   0.285770
   1079.1124   0.347088
   1079.1621   0.417171
   1079.2118   0.490664
   1079.2615   0.562770
   1079.3111   0.629771
   1079.3608   0.689201
   1079.4105   0.739792
   1079.4602   0.781606
   1079.5099   0.815471
   1079.5596   0.842550
   1079.6093   0.863938
   1079.6590   0.880763
   1079.7087   0.894165
   1079.7584   0.905033
   1079.8081   0.914002
   1079.8578   0.921518
   1079.9075   0.927904
   1079.9572   0.933393
   1080.0069   0.938159
   1080.0566   0.942334
   1080.1063   0.946021
   1080.1560   0.949299
   1080.2058   0.952231
   1080.2555   0.954868
   1080.3052   0.957253
   1080.3549   0.959419
   1080.4047   0.961394
   1080.4544   0.963201
   1080.5041   0.964861
   1080.5539   0.966391
   1080.6036   0.967804
   1080.6534   0.969114
   1080.7031   0.970330
   1080.7529   0.971463
   1080.8026   0.972520
   1080.8524   0.973508
   1080.9021   0.974433
   1080.9519   0.975301
   1081.0016   0.976118
   1081.0514   0.976886
   1081.1012   0.977611
   1081.1509   0.978294
   1081.2007   0.978941
   1081.2505   0.979553
   1081.3002   0.980133
   1081.3500   0.980684
   1081.3998   0.981206
   1081.4496   0.981703
   1081.4993   0.982176
   1081.5491   0.982627
   1081.5989   0.983056
   1081.6487   0.983466
   1081.6985   0.983857
   1081.7483   0.984231
   1081.7981   0.984589
   1081.8479   0.984931
   1081.8977   0.985259
   1081.9475   0.985573
   1081.9973   0.985875
   1082.0471   0.986164
   1082.0969   0.986441
   1082.1467   0.986708
   1082.1965   0.986964
   1082.2463   0.987210
   1082.2961   0.987447
   1082.3460   0.987675
   1082.3958   0.987894
   1082.4456   0.988106
   1082.4954   0.988309
   1082.5453   0.988506
   1082.5951   0.988695
   1082.6449   0.988878
   1082.6948   0.989054
   1082.7446   0.989224
   1082.7944   0.989388
   1082.8443   0.989547
   1082.8941   0.989700
   1082.9440   0.989848
   1082.9938   0.989991
   1083.0437   0.990129
   1083.0935   0.990263
   1083.1434   0.990392
   1083.1933   0.990517
   1083.2431   0.990638
   1083.2930   0.990755
   1083.3428   0.990868
   1083.3927   0.990977
   1083.4426   0.991083
   1083.4925   0.991186
   1083.5423   0.991285
   1083.5922   0.991381
   1083.6421   0.991474
   1083.6920   0.991564
   1083.7419   0.991651
   1083.7917   0.991735
   1083.8416   0.991816
   1083.8915   0.991895
   1083.9414   0.991971
   1083.9913   0.992045
   1084.0412   0.992116
   1084.0911   0.992185
   1084.1410   0.992252
   1084.1909   0.992316
   1084.2408   0.992378
   1084.2907   0.992438
   1084.3407   0.992496
   1084.3906   0.992552
   1084.4405   0.992606
   1084.4904   0.992658
   1084.5403   0.992708
   1084.5902   0.992756
   1084.6402   0.992802
   1084.6901   0.992847
   1084.7400   0.992890
   1084.7900   0.992931
   1084.8399   0.992970
   1084.8898   0.993007
   1084.9398   0.993043
   1084.9897   0.993078
   1085.0397   0.993110
   1085.0896   0.993141
   1085.1396   0.993171
   1085.1895   0.993199
   1085.2395   0.993225
   1085.2894   0.993250
   1085.3394   0.993273
   1085.3893   0.993295
   1085.4393   0.993316
   1085.4893   0.993334
   1085.5392   0.993352
   1085.5892   0.993368
   1085.6392   0.993382
   1085.6891   0.993395
   1085.7391   0.993407
   1085.7891   0.993417
   1085.8391   0.993425
   1085.8891   0.993432
   1085.9390   0.993438
   1085.9890   0.993442
   1086.0390   0.993445
   1086.0890   0.993446
   1086.1390   0.993446
   1086.1890   0.993444
   1086.2390   0.993440
   1086.2890   0.993436
   1086.3390   0.993429
   1086.3890   0.993421
   1086.4390   0.993411
   1086.4890   0.993400
   1086.5391   0.993387
   1086.5891   0.993372
   1086.6391   0.993356
   1086.6891   0.993338
   1086.7391   0.993318
   1086.7892   0.993297
   1086.8392   0.993273
   1086.8892   0.993248
   1086.9392   0.993221
   1086.9893   0.993192
   1087.0393   0.993161
   1087.0893   0.993127
   1087.1394   0.993092
   1087.1894   0.993055
   1087.2395   0.993015
   1087.2895   0.992973
   1087.3396   0.992929
   1087.3896   0.992882
   1087.4397   0.992833
   1087.4897   0.992781
   1087.5398   0.992727
   1087.5899   0.992670
   1087.6399   0.992610
   1087.6900   0.992547
   1087.7401   0.992481
   1087.7901   0.992412
   1087.8402   0.992339
   1087.8903   0.992264
   1087.9404   0.992185
   1087.9904   0.992102
   1088.0405   0.992015
   1088.0906   0.991924
   1088.1407   0.991830
   1088.1908   0.991731
   1088.2409   0.991627
   1088.2910   0.991519
   1088.3411   0.991406
   1088.3912   0.991288
   1088.4413   0.991164
   1088.4914   0.991035
   1088.5415   0.990900
   1088.5916   0.990758
   1088.6417   0.990610
   1088.6918   0.990456
   1088.7419   0.990294
   1088.7920   0.990124
   1088.8421   0.989947
   1088.8923   0.989761
   1088.9424   0.989566
   1088.9925   0.989362
   1089.0426   0.989148
   1089.0928   0.988923
   1089.1429   0.988687
   1089.1930   0.988439
   1089.2432   0.988178
   1089.2933   0.987904
   1089.3435   0.987615
   1089.3936   0.987311
   1089.4438   0.986991
   1089.4939   0.986653
   1089.5441   0.986297
   1089.5942   0.985920
   1089.6444   0.985522
   1089.6945   0.985101
   1089.7447   0.984654
   1089.7948   0.984181
   1089.8450   0.983678
   1089.8952   0.983144
   1089.9453   0.982575
   1089.9955   0.981970
   1090.0457   0.981324
   1090.0959   0.980633
   1090.1461   0.979894
   1090.1962   0.979103
   1090.2464   0.978253
   1090.2966   0.977339
   1090.3468   0.976354
   1090.3970   0.975290
   1090.4472   0.974140
   1090.4974   0.972892
   1090.5476   0.971535
   1090.5978   0.970056
   1090.6480   0.968440
   1090.6982   0.966667
   1090.7484   0.964717
   1090.7986   0.962564
   1090.8488   0.960178
   1090.8990   0.957521
   1090.9492   0.954551
   1090.9994   0.951211
   1091.0497   0.947436
   1091.0999   0.943141
   1091.1501   0.938218
   1091.2003   0.932531
   1091.2506   0.925899
   1091.3008   0.918085
   1091.3510   0.908762
   1091.4013   0.897482
   1091.4515   0.883618
   1091.5018   0.866294
   1091.5520   0.844393
   1091.6023   0.816799
   1091.6525   0.782454
   1091.7027   0.740231
   1091.7530   0.689334
   1091.8033   0.629699
   1091.8535   0.562491
   1091.9038   0.489962
   1091.9540   0.415444
   1092.0043   0.343088
   1092.0546   0.277256
   1092.1048   0.221794
   1092.1551   0.179480
   1092.2054   0.151212
   1092.2557   0.135752
   1092.3059   0.130053
   1092.3562   0.130122
   1092.4065   0.132102
   1092.4568   0.132975
   1092.5071   0.131410
   1092.5574   0.128160
   1092.6077   0.125822
   1092.6580   0.128045
   1092.7083   0.138746
   1092.7586   0.161294
   1092.8089   0.197454
   1092.8592   0.246962
   1092.9095   0.307552
   1092.9598   0.375731
   1093.0101   0.447271
   1093.0604   0.517872
   1093.1107   0.583818
   1093.1610   0.642347
   1093.2113   0.691691
   1093.2617   0.731223
   1093.3120   0.761050
   1093.3623   0.781469
   1093.4127   0.792464
   1093.4630   0.793658
   1093.5133   0.784993
   1093.5637   0.765858
   1093.6140   0.735385
   1093.6643   0.693442
   1093.7147   0.640773
   1093.7650   0.579294
   1093.8154   0.512674
   1093.8657   0.446323
   1093.9161   0.386859
   1093.9664   0.341131
   1094.0168   0.314989
   1094.0671   0.312113
   1094.1175   0.333239
   1094.1679   0.376011
   1094.2182   0.435509
   1094.2686   0.505290
   1094.3190   0.578640
   1094.3694   0.649700
   1094.4197   0.714218
   1094.4701   0.769802
   1094.5205   0.815625
   1094.5709   0.851814
   1094.6213   0.879685
   1094.6716   0.900869
   1094.7220   0.916653
   1094.7724   0.928378
   1094.8228   0.937330
   1094.8732   0.944371
   1094.9236   0.950049
   1094.9740   0.954724
   1095.0244   0.958639
   1095.0748   0.961965
   1095.1252   0.964825
   1095.1756   0.967308
   1095.2261   0.969486
   1095.2765   0.971409
   1095.3269   0.973120
   1095.3773   0.974651
   1095.4277   0.976030
   1095.4782   0.977276
   1095.5286   0.978409
   1095.5790   0.979443
   1095.6294   0.980389
   1095.6799   0.981259
   1095.7303   0.982061
   1095.7808   0.982803
   1095.8312   0.983490
   1095.8816   0.984129
   1095.9321   0.984724
   1095.9825   0.985280
   1096.0330   0.985799
   1096.0834   0.986287
   1096.1339   0.986744
   1096.1843   0.987174
   1096.2348   0.987580
   1096.2853   0.987962
   1096.3357   0.988324
   1096.3862   0.988665
   1096.4367   0.988989
   1096.4871   0.989296
   1096.5376   0.989588
   1096.5881   0.989865
   1096.6386   0.990129
   1096.6890   0.990380
   1096.7395   0.990620
   1096.7900   0.990849
   1096.8405   0.991067
   1096.8910   0.991276
   1096.9415   0.991475
   1096.9920   0.991666
   1097.0425   0.991850
   1097.0930   0.992025
   1097.1435   0.992194
   1097.1940   0.992356
   1097.2445   0.992511
   1097.2950   0.992660
   1097.3455   0.992804
   1097.3960   0.992942
   1097.4465   0.993075
   1097.4970   0.993204
   1097.5476   0.993327
   1097.5981   0.993446
   1097.6486   0.993561
   1097.6991   0.993672
   1097.7497   0.993779
   1097.8002   0.993883
   1097.8507   0.993983
   1097.9013   0.994080
   1097.9518   0.994173
   1098.0023   0.994264
   1098.0529   0.994351
   1098.1034   0.994436
   1098.1540   0.994518
   1098.2045   0.994598
   1098.2551   0.994675
   1098.3056   0.994749
   1098.3562   0.994822
   1098.4068   0.994892
   1098.4573   0.994960
   1098.5079   0.995026
   1098.5584   0.995091
   1098.6090   0.995153
   1098.6596   0.995213
   1098.7102   0.995272
   1098.7607   0.995329
   1098.8113   0.995385
   1098.8619   0.995439
   1098.9125   0.995491
   1098.9631   0.995542
   1099.0137   0.995591
   1099.0642   0.995639
   1099.1148   0.995686
   1099.1654   0.995732
   1099.2160   0.995776
   1099.2666   0.995819
   1099.3172   0.995861
   1099.3678   0.995902
   1099.4184   0.995941
   1099.4690   0.995980
   1099.5197   0.996017
   1099.5703   0.996054
   1099.6209   0.996089
   1099.6715   0.996124
   1099.7221   0.996158
   1099.7727   0.996190
   1099.8234   0.996222
   1099.8740   0.996253
   1099.9246   0.996283
   1099.9753   0.996312
   1100.0259   0.996341
   1100.0765   0.996369
   1100.1272   0.996395
   1100.1778   0.996422
   1100.2284   0.996447
   1100.2791   0.996472
   1100.3297   0.996496
   1100.3804   0.996519
   1100.4310   0.996542
   1100.4817   0.996564
   1100.5324   0.996585
   1100.5830   0.996606
   1100.6337   0.996626
   1100.6843   0.996645
   1100.7350   0.996664
   1100.7857   0.996682
   1100.8363   0.996700
   1100.8870   0.996717
   1100.9377   0.996733
   1100.9884   0.996749
   1101.0391   0.996764
   1101.0897   0.996779
   1101.1404   0.996793
   1101.1911   0.996806
   1101.2418   0.996819
   1101.2925   0.996832
   1101.3432   0.996844
   1101.3939   0.996855
   1101.4446   0.996866
   1101.4953   0.996876
   1101.5460   0.996886
   1101.5967   0.996895
   1101.6474   0.996904
   1101.6981   0.996912
   1101.7488   0.996920
   1101.7995   0.996927
   1101.8503   0.996934
   1101.9010   0.996940
   1101.9517   0.996945
   1102.0024   0.996950
   1102.0532   0.996955
   1102.1039   0.996959
   1102.1546   0.996962
   1102.2054   0.996965
   1102.2561   0.996967
   1102.3068   0.996969
   1102.3576   0.996970
   1102.4083   0.996971
   1102.4591   0.996971
   1102.5098   0.996970
   1102.5606   0.996969
   1102.6113   0.996967
   1102.6621   0.996964
   1102.7128   0.996961
   1102.7636   0.996957
   1102.8143   0.996953
   1102.8651   0.996948
   1102.9159   0.996942
   1102.9666   0.996936
   1103.0174   0.996928
   1103.0682   0.996920
   1103.1190   0.996912
   1103.1697   0.996902
   1103.2205   0.996892
   1103.2713   0.996881
   1103.3221   0.996869
   1103.3729   0.996856
   1103.4237   0.996843
   1103.4745   0.996828
   1103.5253   0.996812
   1103.5761   0.996796
   1103.6269   0.996778
   1103.6777   0.996760
   1103.7285   0.996740
   1103.7793   0.996719
   1103.8301   0.996697
   1103.8809   0.996674
   1103.9317   0.996649
   1103.9825   0.996624
   1104.0333   0.996596
   1104.0842   0.996568
   1104.1350   0.996538
   1104.1858   0.996506
   1104.2366   0.996473
   1104.2875   0.996437
   1104.3383   0.996401
   1104.3891   0.996362
   1104.4400   0.996321
   1104.4908   0.996279
   1104.5417   0.996234
   1104.5925   0.996187
   1104.6433   0.996137
   1104.6942   0.996085
   1104.7450   0.996030
   1104.7959   0.995973
   1104.8467   0.995912
   1104.8976   0.995849
   1104.9485   0.995782
   1104.9993   0.995711
   1105.0502   0.995637
   1105.1011   0.995559
   1105.1519   0.995477
   1105.2028   0.995390
   1105.2537   0.995298
   1105.3046   0.995201
   1105.3554   0.995099
   1105.4063   0.994991
   1105.4572   0.994877
   1105.5081   0.994756
   1105.5590   0.994628
   1105.6099   0.994492
   1105.6608   0.994347
   1105.7117   0.994194
   1105.7626   0.994030
   1105.8135   0.993856
   1105.8644   0.993671
   1105.9153   0.993473
   1105.9662   0.993261
   1106.0171   0.993034
   1106.0680   0.992791
   1106.1189   0.992530
   1106.1698   0.992249
   1106.2207   0.991946
   1106.2717   0.991618
   1106.3226   0.991264
   1106.3735   0.990880
   1106.4244   0.990462
   1106.4754   0.990006
   1106.5263   0.989508
   1106.5772   0.988962
   1106.6282   0.988361
   1106.6791   0.987697
   1106.7301   0.986961
   1106.7810   0.986143
   1106.8320   0.985227
   1106.8829   0.984198
   1106.9339   0.983035
   1106.9848   0.981712
   1107.0358   0.980194
   1107.0867   0.978441
   1107.1377   0.976395
   1107.1886   0.973981
   1107.2396   0.971092
   1107.2906   0.967580
   1107.3416   0.963219
   1107.3925   0.957659
   1107.4435   0.950313
   1107.4945   0.940150
   1107.5455   0.925584
   1107.5964   0.905435
   1107.6474   0.877998
   1107.6984   0.841741
   1107.7494   0.795921
   1107.8004   0.740259
   1107.8514   0.676044
   1107.9024   0.606495
   1107.9534   0.536556
   1108.0044   0.472014
   1108.0554   0.418267
   1108.1064   0.379720
   1108.1574   0.357496
   1108.2084   0.349585
   1108.2594   0.351484
   1108.3104   0.356888
   1108.3615   0.360214
   1108.4125   0.358453
   1108.4635   0.352155
   1108.5145   0.345252
   1108.5656   0.343794
   1108.6166   0.353917
   1108.6676   0.379374
   1108.7186   0.421450
   1108.7697   0.478002
   1108.8207   0.544192
   1108.8718   0.614428
   1108.9228   0.682963
   1108.9739   0.745174
   1109.0249   0.798266
   1109.0760   0.841319
   1109.1270   0.874749
   1109.1781   0.899287
   1109.2291   0.916610
   1109.2802   0.928111
   1109.3312   0.934848
   1109.3823   0.937915
   1109.4334   0.937434
   1109.4844   0.932303
   1109.5355   0.921562
   1109.5866   0.903823
   1109.6377   0.878182
   1109.6887   0.843450
   1109.7398   0.799034
   1109.7909   0.746035
   1109.8420   0.687676
   1109.8931   0.629317
   1109.9442   0.577830
   1109.9953   0.540334
   1110.0464   0.522583
   1110.0975   0.527512
   1110.1486   0.554454
   1110.1997   0.599326
   1110.2508   0.655710
   1110.3019   0.716431
   1110.3530   0.775095
   1110.4041   0.827133
   1110.4552   0.870185
   1110.5063   0.903899
   1110.5574   0.929393
   1110.6086   0.947684
   1110.6597   0.960287
   1110.7108   0.968388
   1110.7619   0.973665
   1110.8131   0.977399
   1110.8642   0.980199
   1110.9153   0.982386
   1110.9665   0.984143
   1111.0176   0.985587
   1111.0688   0.986795
   1111.1199   0.987821
   1111.1710   0.988703
   1111.2222   0.989469
   1111.2733   0.990140
   1111.3245   0.990733
   1111.3757   0.991261
   1111.4268   0.991733
   1111.4780   0.992158
   1111.5291   0.992543
   1111.5803   0.992893
   1111.6315   0.993212
   1111.6826   0.993504
   1111.7338   0.993773
   1111.7850   0.994021
   1111.8362   0.994250
   1111.8873   0.994463
   1111.9385   0.994660
   1111.9897   0.994845
   1112.0409   0.995017
   1112.0921   0.995178
   1112.1433   0.995329
   1112.1945   0.995471
   1112.2457   0.995605
   1112.2969   0.995731
   1112.3481   0.995850
   1112.3993   0.995963
   1112.4505   0.996069
   1112.5017   0.996170
   1112.5529   0.996266
   1112.6041   0.996357
   1112.6553   0.996444
   1112.7065   0.996527
   1112.7578   0.996606
   1112.8090   0.996681
   1112.8602   0.996753
   1112.9114   0.996822
   1112.9627   0.996888
   1113.0139   0.996951
   1113.0651   0.997011
   1113.1164   0.997069
   1113.1676   0.997125
   1113.2189   0.997178
   1113.2701   0.997230
   1113.3213   0.997280
   1113.3726   0.997327
   1113.4238   0.997373
   1113.4751   0.997418
   1113.5263   0.997460
   1113.5776   0.997501
   1113.6289   0.997541
   1113.6801   0.997580
   1113.7314   0.997617
   1113.7827   0.997653
   1113.8339   0.997688
   1113.8852   0.997721
   1113.9365   0.997754
   1113.9878   0.997786
   1114.0390   0.997816
   1114.0903   0.997846
   1114.1416   0.997875
   1114.1929   0.997903
   1114.2442   0.997930
   1114.2955   0.997956
   1114.3468   0.997982
   1114.3981   0.998007
   1114.4493   0.998031
   1114.5006   0.998055
   1114.5520   0.998078
   1114.6033   0.998100
   1114.6546   0.998122
   1114.7059   0.998143
   1114.7572   0.998164
   1114.8085   0.998184
   1114.8598   0.998204
   1114.9111   0.998223
   1114.9625   0.998242
   1115.0138   0.998260
   1115.0651   0.998278
   1115.1164   0.998295
   1115.1678   0.998312
   1115.2191   0.998329
   1115.2704   0.998345
   1115.3218   0.998361
   1115.3731   0.998376
   1115.4245   0.998391
   1115.4758   0.998406
   1115.5271   0.998421
   1115.5785   0.998435
   1115.6299   0.998449
   1115.6812   0.998462
   1115.7326   0.998476
   1115.7839   0.998489
   1115.8353   0.998501
   1115.8866   0.998514
   1115.9380   0.998526
   1115.9894   0.998538
   1116.0408   0.998550
   1116.0921   0.998562
   1116.1435   0.998573
   1116.1949   0.998584
   1116.2463   0.998595
   1116.2976   0.998606
   1116.3490   0.998616
   1116.4004   0.998626
   1116.4518   0.998637
   1116.5032   0.998646
   1116.5546   0.998656
   1116.6060   0.998666
   1116.6574   0.998675
   1116.7088   0.998685
   1116.7602   0.998694
   1116.8116   0.998703
   1116.8630   0.998711
   1116.9144   0.998720
   1116.9658   0.998729
   1117.0173   0.998737
   1117.0687   0.998745
   1117.1201   0.998753
   1117.1715   0.998761
   1117.2229   0.998769
   1117.2744   0.998777
   1117.3258   0.998784
   1117.3772   0.998792
   1117.4287   0.998799
   1117.4801   0.998807
   1117.5315   0.998814
   1117.5830   0.998821
   1117.6344   0.998828
   1117.6859   0.998834
   1117.7373   0.998841
   1117.7888   0.998848
   1117.8402   0.998854
   1117.8917   0.998861
   1117.9431   0.998867
   1117.9946   0.998873
   1118.0461   0.998880
   1118.0975   0.998886
   1118.1490   0.998892
   1118.2005   0.998898
   1118.2519   0.998903
   1118.3034   0.998909
   1118.3549   0.998915
   1118.4064   0.998921
   1118.4579   0.998926
   1118.5093   0.998931
   1118.5608   0.998937
   1118.6123   0.998942
   1118.6638   0.998947
   1118.7153   0.998953
   1118.7668   0.998958
   1118.8183   0.998963
   1118.8698   0.998968
   1118.9213   0.998973
   1118.9728   0.998978
   1119.0243   0.998982
   1119.0758   0.998987
   1119.1273   0.998992
   1119.1789   0.998996
   1119.2304   0.999001
   1119.2819   0.999006
   1119.3334   0.999010
   1119.3849   0.999015
   1119.4365   0.999019
   1119.4880   0.999023
   1119.5395   0.999028
   1119.5911   0.999032
   1119.6426   0.999036
   1119.6941   0.999040
   1119.7457   0.999044
   1119.7972   0.999048
   1119.8488   0.999052
   1119.9003   0.999056
   1119.9519   0.999060
   1120.0034   0.999064
   1120.0550   0.999068
   1120.1065   0.999072
   1120.1581   0.999075
   1120.2097   0.999079
   1120.2612   0.999083
   1120.3128   0.999086
   1120.3644   0.999090
   1120.4159   0.999094
   1120.4675   0.999097
   1120.5191   0.999101
   1120.5707   0.999104
   1120.6223   0.999108
   1120.6738   0.999111
   1120.7254   0.999114
   1120.7770   0.999118
   1120.8286   0.999121
   1120.8802   0.999124
   1120.9318   0.999128
   1120.9834   0.999131
   1121.0350   0.999134
   1121.0866   0.999137
   1121.1382   0.999140
   1121.1898   0.999143
   1121.2414   0.999147
   1121.2930   0.999150
   1121.3447   0.999153
   1121.3963   0.999156
   1121.4479   0.999159
   1121.4995   0.999161
   1121.5511   0.999164
   1121.6028   0.999167
   1121.6544   0.999170
   1121.7060   0.999173
   1121.7577   0.999176
   1121.8093   0.999178
   1121.8609   0.999181
   1121.9126   0.999184
   1121.9642   0.999187
   1122.0159   0.999189
   1122.0675   0.999192
   1122.1192   0.999195
   1122.1708   0.999197
   1122.2225   0.999200
   1122.2741   0.999202
   1122.3258   0.999205
   1122.3775   0.999207
   1122.4291   0.999210
   1122.4808   0.999212
   1122.5325   0.999215
   1122.5841   0.999217
   1122.6358   0.999220
   1122.6875   0.999222
   1122.7392   0.999225
   1122.7908   0.999227
   1122.8425   0.999229
   1122.8942   0.999232
   1122.9459   0.999234
   1122.9976   0.999236
   1123.0493   0.999239
   1123.1010   0.999241
   1123.1527   0.999243
   1123.2044   0.999245
   1123.2561   0.999248
   1123.3078   0.999250
   1123.3595   0.999252
   1123.4112   0.999254
   1123.4629   0.999256
   1123.5146   0.999258
   1123.5664   0.999261
   1123.6181   0.999263
   1123.6698   0.999265
   1123.7215   0.999267
   1123.7733   0.999269
   1123.8250   0.999271
   1123.8767   0.999273
   1123.9284   0.999275
   1123.9802   0.999277
   1124.0319   0.999279
   1124.0837   0.999281
   1124.1354   0.999283
   1124.1872   0.999285
   1124.2389   0.999287
   1124.2907   0.999289
   1124.3424   0.999291
   1124.3942   0.999293
   1124.4459   0.999295
   1124.4977   0.999296
   1124.5494   0.999298
   1124.6012   0.999300
   1124.6530   0.999302
   1124.7047   0.999304
   1124.7565   0.999306
   1124.8083   0.999308
   1124.8601   0.999309
   1124.9118   0.999311
   1124.9636   0.999313
   1125.0154   0.999315
   1125.0672   0.999316
   1125.1190   0.999318
   1125.1708   0.999320
   1125.2226   0.999321
   1125.2744   0.999323
   1125.3262   0.999325
   1125.3780   0.999327
   1125.4298   0.999328
   1125.4816   0.999330
   1125.5334   0.999332
   1125.5852   0.999333
   1125.6370   0.999335
   1125.6888   0.999337
   1125.7406   0.999338
   1125.7925   0.999340
   1125.8443   0.999342
   1125.8961   0.999343
   1125.9479   0.999345
   1125.9998   0.999346
   1126.0516   0.999348
   1126.1034   0.999349
   1126.1553   0.999351
   1126.2071   0.999353
   1126.2589   0.999354
   1126.3108   0.999356
   1126.3626   0.999357
   1126.4145   0.999359
   1126.4663   0.999360
   1126.5182   0.999362
   1126.5700   0.999363
   1126.6219   0.999365
   1126.6738   0.999366
   1126.7256   0.999367
   1126.7775   0.999369
   1126.8294   0.999370
   1126.8812   0.999372
   1126.9331   0.999373
   1126.9850   0.999375
   1127.0369   0.999376
   1127.0887   0.999377
   1127.1406   0.999379
   1127.1925   0.999380
   1127.2444   0.999382
   1127.2963   0.999383
   1127.3482   0.999384
   1127.4001   0.999386
   1127.4520   0.999387
   1127.5039   0.999388
   1127.5558   0.999390
   1127.6077   0.999391
   1127.6596   0.999392
   1127.7115   0.999394
   1127.7634   0.999395
   1127.8153   0.999396
   1127.8672   0.999398
   1127.9191   0.999399
   1127.9711   0.999400
   1128.0230   0.999401
   1128.0749   0.999403
   1128.1268   0.999404
   1128.1788   0.999405
   1128.2307   0.999406
   1128.2826   0.999408
   1128.3346   0.999409
   1128.3865   0.999410
   1128.4384   0.999411
   1128.4904   0.999413
   1128.5423   0.999414
   1128.5943   0.999415
   1128.6462   0.999416
   1128.6982   0.999418
   1128.7501   0.999419
   1128.8021   0.999420
   1128.8541   0.999421
   1128.9060   0.999422
   1128.9580   0.999424
   1129.0100   0.999425
   1129.0619   0.999426
   1129.1139   0.999427
   1129.1659   0.999428
   1129.2179   0.999429
   1129.2698   0.999430
   1129.3218   0.999432
   1129.3738   0.999433
   1129.4258   0.999434
   1129.4778   0.999435
   1129.5298   0.999436
   1129.5818   0.999437
   1129.6338   0.999438
   1129.6858   0.999439
   1129.7378   0.999440
   1129.7898   0.999442
   1129.8418   0.999443
   1129.8938   0.999444
   1129.9458   0.999445
   1129.9978   0.999446
   1130.0498   0.999447
   1130.1018   0.999448
   1130.1539   0.999449
   1130.2059   0.999450
   1130.2579   0.999451
   1130.3099   0.999452
   1130.3620   0.999453
   1130.4140   0.999454
   1130.4660   0.999455
   1130.5181   0.999456
   1130.5701   0.999457
   1130.6222   0.999458
   1130.6742   0.999459
   1130.7262   0.999460
   1130.7783   0.999461
   1130.8303   0.999462
   1130.8824   0.999463
   1130.9345   0.999464
   1130.9865   0.999465
   1131.0386   0.999466
   1131.0906   0.999467
   1131.1427   0.999468
   1131.1948   0.999469
   1131.2468   0.999470
   1131.2989   0.999471
   1131.3510   0.999472
   1131.4031   0.999473
   1131.4552   0.999474
   1131.5072   0.999475
   1131.5593   0.999476
   1131.6114   0.999477
   1131.6635   0.999478
   1131.7156   0.999479
   1131.7677   0.999480
   1131.8198   0.999481
   1131.8719   0.999482
   1131.9240   0.999483
   1131.9761   0.999483
   1132.0282   0.999484
   1132.0803   0.999485
   1132.1324   0.999486
   1132.1845   0.999487
   1132.2367   0.999488
   1132.2888   0.999489
   1132.3409   0.999490
   1132.3930   0.999491
   1132.4451   0.999492
   1132.4973   0.999493
   1132.5494   0.999493
   1132.6015   0.999494
   1132.6537   0.999495
   1132.7058   0.999496
   1132.7580   0.999497
   1132.8101   0.999498
   1132.8622   0.999499
   1132.9144   0.999499
   1132.9665   0.999500
   1133.0187   0.999501
   1133.0708   0.999502
   1133.1230   0.999503
   1133.1752   0.999504
   1133.2273   0.999505
   1133.2795   0.999505
   1133.3317   0.999506
   1133.3838   0.999507
   1133.4360   0.999508
   1133.4882   0.999509
   1133.5403   0.999509
   1133.5925   0.999510
   1133.6447   0.999511
   1133.6969   0.999512
   1133.7491   0.999513
   1133.8013   0.999513
   1133.8535   0.999514
   1133.9057   0.999515
   1133.9578   0.999516
   1134.0100   0.999517
   1134.0622   0.999517
   1134.1144   0.999518
   1134.1667   0.999519
   1134.2189   0.999520
   1134.2711   0.999521
   1134.3233   0.999521
   1134.3755   0.999522
   1134.4277   0.999523
   1134.4799   0.999524
   1134.5322   0.999524
   1134.5844   0.999525
   1134.6366   0.999526
   1134.6888   0.999527
   1134.7411   0.999527
   1134.7933   0.999528
   1134.8455   0.999529
   1134.8978   0.999530
   1134.9500   0.999530
   1135.0023   0.999531
   1135.0545   0.999532
   1135.1068   0.999533
   1135.1590   0.999533
   1135.2113   0.999534
   1135.2635   0.999535
   1135.3158   0.999536
   1135.3680   0.999536
   1135.4203   0.999537
   1135.4726   0.999538
   1135.5248   0.999538
   1135.5771   0.999539
   1135.6294   0.999540
   1135.6817   0.999541
   1135.7339   0.999541
   1135.7862   0.999542
   1135.8385   0.999543
   1135.8908   0.999543
   1135.9431   0.999544
   1135.9954   0.999545
   1136.0476   0.999546
   1136.0999   0.999546
   1136.1522   0.999547
   1136.2045   0.999548
   1136.2568   0.999548
   1136.3091   0.999549
   1136.3615   0.999550
   1136.4138   0.999551
   1136.4661   0.999551
   1136.5184   0.999552
   1136.5707   0.999553
   1136.6230   0.999553
   1136.6753   0.999554
   1136.7277   0.999555
   1136.7800   0.999555
   1136.8323   0.999556
   1136.8846   0.999557
   1136.9370   0.999557
   1136.9893   0.999558
   1137.0417   0.999559
   1137.0940   0.999559
   1137.1463   0.999560
   1137.1987   0.999560
   1137.2510   0.999561
   1137.3034   0.999562
   1137.3557   0.999562
   1137.4081   0.999563
   1137.4604   0.999564
   1137.5128   0.999564
   1137.5652   0.999565
   1137.6175   0.999566
   1137.6699   0.999566
   1137.7223   0.999567
   1137.7746   0.999567
   1137.8270   0.999568
   1137.8794   0.999569
   1137.9318   0.999569
   1137.9841   0.999570
   1138.0365   0.999571
   1138.0889   0.999571
   1138.1413   0.999572
   1138.1937   0.999573
   1138.2461   0.999573
   1138.2985   0.999574
   1138.3509   0.999574
   1138.4033   0.999575
   1138.4557   0.999576
   1138.5081   0.999576
   1138.5605   0.999577
   1138.6129   0.999577
   1138.6653   0.999578
   1138.7177   0.999579
   1138.7701   0.999579
   1138.8226   0.999580
   1138.8750   0.999581
   1138.9274   0.999581
   1138.9798   0.999582
   1139.0323   0.999582
   1139.0847   0.999583
   1139.1371   0.999584
   1139.1896   0.999584
   1139.2420   0.999585
   1139.2945   0.999585
   1139.3469   0.999586
   1139.3993   0.999586
   1139.4518   0.999587
   1139.5042   0.999588
   1139.5567   0.999588
   1139.6092   0.999589
   1139.6616   0.999589
   1139.7141   0.999590
   1139.7665   0.999590
   1139.8190   0.999591
   1139.8715   0.999591
   1139.9239   0.999592
   1139.9764   0.999593
   1140.0289   0.999593
   1140.0814   0.999594
   1140.1338   0.999594
   1140.1863   0.999595
   1140.2388   0.999595
   1140.2913   0.999596
   1140.3438   0.999596
   1140.3963   0.999597
   1140.4488   0.999598
   1140.5013   0.999598
   1140.5538   0.999599
   1140.6063   0.999599
   1140.6588   0.999600
   1140.7113   0.999600
   1140.7638   0.999601
   1140.8163   0.999601
   1140.8688   0.999602
   1140.9213   0.999602
   1140.9739   0.999603
   1141.0264   0.999604
   1141.0789   0.999604
   1141.1314   0.999605
   1141.1840   0.999605
   1141.2365   0.999606
   1141.2890   0.999606
   1141.3416   0.999607
   1141.3941   0.999607
   1141.4466   0.999608
   1141.4992   0.999608
   1141.5517   0.999609
   1141.6043   0.999609
   1141.6568   0.999610
   1141.7094   0.999610
   1141.7619   0.999611
   1141.8145   0.999611
   1141.8670   0.999612
   1141.9196   0.999612
   1141.9722   0.999613
   1142.0247   0.999613
   1142.0773   0.999614
   1142.1299   0.999614
   1142.1825   0.999615
   1142.2350   0.999615
   1142.2876   0.999616
   1142.3402   0.999616
   1142.3928   0.999617
   1142.4454   0.999617
   1142.4980   0.999618
   1142.5505   0.999618
   1142.6031   0.999619
   1142.6557   0.999619
   1142.7083   0.999620
   1142.7609   0.999620
   1142.8135   0.999621
   1142.8661   0.999621
   1142.9187   0.999622
   1142.9714   0.999622
   1143.0240   0.999623
   1143.0766   0.999623
   1143.1292   0.999624
   1143.1818   0.999624
   1143.2344   0.999625
   1143.2871   0.999625
   1143.3397   0.999626
   1143.3923   0.999626
   1143.4450   0.999627
   1143.4976   0.999627
   1143.5502   0.999628
   1143.6029   0.999628
   1143.6555   0.999628
   1143.7082   0.999629
   1143.7608   0.999629
   1143.8135   0.999630
   1143.8661   0.999630
   1143.9188   0.999631
   1143.9714   0.999631
   1144.0241   0.999632
   1144.0767   0.999632
   1144.1294   0.999633
   1144.1821   0.999633
   1144.2347   0.999633
   1144.2874   0.999634
   1144.3401   0.999634
   1144.3928   0.999635
   1144.4454   0.999635
   1144.4981   0.999636
   1144.5508   0.999636
   1144.6035   0.999637
   1144.6562   0.999637
   1144.7089   0.999638
   1144.7616   0.999638
   1144.8143   0.999638
   1144.8670   0.999639
   1144.9197   0.999639
   1144.9724   0.999640
   1145.0251   0.999640
   1145.0778   0.999641
   1145.1305   0.999641
   1145.1832   0.999641
   1145.2359   0.999642
   1145.2886   0.999642
   1145.3413   0.999643
   1145.3941   0.999643
   1145.4468   0.999644
   1145.4995   0.999644
   1145.5523   0.999644
   1145.6050   0.999645
   1145.6577   0.999645
   1145.7105   0.999646
   1145.7632   0.999646
   1145.8159   0.999647
   1145.8687   0.999647
   1145.9214   0.999647
   1145.9742   0.999648
   1146.0269   0.999648
   1146.0797   0.999649
   1146.1324   0.999649
   1146.1852   0.999650
   1146.2380   0.999650
   1146.2907   0.999651
   1146.3435   0.999651
   1146.3963   0.999651
   1146.4490   0.999652
   1146.5018   0.999652
   1146.5546   0.999653
   1146.6073   0.999653
   1146.6601   0.999653
   1146.7129   0.999654
   1146.7657   0.999654
   1146.8185   0.999655
   1146.8713   0.999655
   1146.9241   0.999655
   1146.9769   0.999656
   1147.0297   0.999656
   1147.0825   0.999657
   1147.1353   0.999657
   1147.1881   0.999658
   1147.2409   0.999658
   1147.2937   0.999658
   1147.3465   0.999659
   1147.3993   0.999659
   1147.4521   0.999660
   1147.5049   0.999660
   1147.5578   0.999660
   1147.6106   0.999661
   1147.6634   0.999661
   1147.7162   0.999661
   1147.7691   0.999662
   1147.8219   0.999662
   1147.8748   0.999663
   1147.9276   0.999663
   1147.9804   0.999663
   1148.0333   0.999664
   1148.0861   0.999664
   1148.1390   0.999665
   1148.1918   0.999665
   1148.2447   0.999665
   1148.2975   0.999666
   1148.3504   0.999666
   1148.4032   0.999667
   1148.4561   0.999667
   1148.5090   0.999667
   1148.5618   0.999668
   1148.6147   0.999668
   1148.6676   0.999668
   1148.7205   0.999669
   1148.7733   0.999669
   1148.8262   0.999670
   1148.8791   0.999670
   1148.9320   0.999670
   1148.9849   0.999671
   1149.0378   0.999671
   1149.0907   0.999671
   1149.1436   0.999672
   1149.1965   0.999672
   1149.2494   0.999673
   1149.3023   0.999673
   1149.3552   0.999673
   1149.4081   0.999674
   1149.4610   0.999674
   1149.5139   0.999674
   1149.5668   0.999675
   1149.6197   0.999675
   1149.6726   0.999676
   1149.7256   0.999676
   1149.7785   0.999676
   1149.8314   0.999677
   1149.8843   0.999677
   1149.9373   0.999677
   1149.9902   0.999678
   1150.0431   0.999678
   1150.0961   0.999678
   1150.1490   0.999679
   1150.2020   0.999679
   1150.2549   0.999680
   1150.3079   0.999680
   1150.3608   0.999680
   1150.4138   0.999681
   1150.4667   0.999681
   1150.5197   0.999681
   1150.5726   0.999682
   1150.6256   0.999682
   1150.6786   0.999682
   1150.7315   0.999683
   1150.7845   0.999683
   1150.8375   0.999683
   1150.8904   0.999684
   1150.9434   0.999684
   1150.9964   0.999684
   1151.0494   0.999685
   1151.1024   0.999685
   1151.1554   0.999686
   1151.2083   0.999686
   1151.2613   0.999686
   1151.3143   0.999687
   1151.3673   0.999687
   1151.4203   0.999687
   1151.4733   0.999688
   1151.5263   0.999688
   1151.5793   0.999688
   1151.6324   0.999689
   1151.6854   0.999689
   1151.7384   0.999689
   1151.7914   0.999690
   1151.8444   0.999690
   1151.8974   0.999690
   1151.9505   0.999691
   1152.0035   0.999691
   1152.0565   0.999691
   1152.1095   0.999692
   1152.1626   0.999692
   1152.2156   0.999692
   1152.2687   0.999693
   1152.3217   0.999693
   1152.3747   0.999693
   1152.4278   0.999694
   1152.4808   0.999694
   1152.5339   0.999694
   1152.5869   0.999695
   1152.6400   0.999695
   1152.6931   0.999695
   1152.7461   0.999696
   1152.7992   0.999696
   1152.8522   0.999696
   1152.9053   0.999696
   1152.9584   0.999697
   1153.0115   0.999697
   1153.0645   0.999697
   1153.1176   0.999698
   1153.1707   0.999698
   1153.2238   0.999698
   1153.2769   0.999699
   1153.3299   0.999699
   1153.3830   0.999700
   1153.4361   0.999700
   1153.4892   0.999700
   1153.5423   0.999700
   1153.5954   0.999701
   1153.6485   0.999701
   1153.7016   0.999701
   1153.7547   0.999702
   1153.8078   0.999702
   1153.8610   0.999702
   1153.9141   0.999703
   1153.9672   0.999703
   1154.0203   0.999703
   1154.0734   0.999703
   1154.1265   0.999704
   1154.1797   0.999704
   1154.2328   0.999704
   1154.2859   0.999705
   1154.3391   0.999705
   1154.3922   0.999705
   1154.4453   0.999706
   1154.4985   0.999706
   1154.5516   0.999706
   1154.6048   0.999707
   1154.6579   0.999707
   1154.7111   0.999707
   1154.7642   0.999707
   1154.8174   0.999708
   1154.8705   0.999708
   1154.9237   0.999708
   1154.9769   0.999709
   1155.0300   0.999709
   1155.0832   0.999709
   1155.1364   0.999710
   1155.1895   0.999710
   1155.2427   0.999710
   1155.2959   0.999711
   1155.3491   0.999711
   1155.4023   0.999711
   1155.4554   0.999711
   1155.5086   0.999712
   1155.5618   0.999712
   1155.6150   0.999712
   1155.6682   0.999713
   1155.7214   0.999713
   1155.7746   0.999713
   1155.8278   0.999713
   1155.8810   0.999714
   1155.9342   0.999714
   1155.9874   0.999714
   1156.0406   0.999715
   1156.0939   0.999715
   1156.1471   0.999715
   1156.2003   0.999715
   1156.2535   0.999716
   1156.3067   0.999716
   1156.3600   0.999716
   1156.4132   0.999717
   1156.4664   0.999717
   1156.5197   0.999717
   1156.5729   0.999718
   1156.6261   0.999718
   1156.6794   0.999718
   1156.7326   0.999718
   1156.7859   0.999719
   1156.8391   0.999719
   1156.8924   0.999719
   1156.9456   0.999720
   1156.9989   0.999720
   1157.0521   0.999720
   1157.1054   0.999720
   1157.1587   0.999721
   1157.2119   0.999721
   1157.2652   0.999721
   1157.3185   0.999721
   1157.3717   0.999722
   1157.4250   0.999722
   1157.4783   0.999722
   1157.5316   0.999723
   1157.5849   0.999723
   1157.6382   0.999723
   1157.6914   0.999723
   1157.7447   0.999724
   1157.7980   0.999724
   1157.8513   0.999724
   1157.9046   0.999724
   1157.9579   0.999725
   1158.0112   0.999725
   1158.0645   0.999725
   1158.1178   0.999725
   1158.1711   0.999726
   1158.2245   0.999726
   1158.2778   0.999726
   1158.3311   0.999727
   1158.3844   0.999727
   1158.4377   0.999727
   1158.4911   0.999727
   1158.5444   0.999728
   1158.5977   0.999728
   1158.6510   0.999728
   1158.7044   0.999729
   1158.7577   0.999729
   1158.8111   0.999729
   1158.8644   0.999729
   1158.9177   0.999730
   1158.9711   0.999730
   1159.0244   0.999730
   1159.0778   0.999730
   1159.1312   0.999731
   1159.1845   0.999731
   1159.2379   0.999731
   1159.2912   0.999731
   1159.3446   0.999732
   1159.3980   0.999732
   1159.4513   0.999732
   1159.5047   0.999732
   1159.5581   0.999733
   1159.6115   0.999733
   1159.6648   0.999733
   1159.7182   0.999734
   1159.7716   0.999734
   1159.8250   0.999734
   1159.8784   0.999734
   1159.9318   0.999735
   1159.9852   0.999735
   1160.0386   0.999735
   1160.0920   0.999735
   1160.1454   0.999736
   1160.1988   0.999736
   1160.2522   0.999736
   1160.3056   0.999736
   1160.3590   0.999737
   1160.4124   0.999737
   1160.4658   0.999737
   1160.5192   0.999737
   1160.5727   0.999738
   1160.6261   0.999738
   1160.6795   0.999738
   1160.7329   0.999738
   1160.7864   0.999739
   1160.8398   0.999739
   1160.8932   0.999739
   1160.9467   0.999739
   1161.0001   0.999740
   1161.0535   0.999740
   1161.1070   0.999740
   1161.1604   0.999740
   1161.2139   0.999741
   1161.2673   0.999741
   1161.3208   0.999741
   1161.3743   0.999741
   1161.4277   0.999741
   1161.4812   0.999742
   1161.5346   0.999742
   1161.5881   0.999742
   1161.6416   0.999742
   1161.6951   0.999743
   1161.7485   0.999743
   1161.8020   0.999743
   1161.8555   0.999743
   1161.9090   0.999744
   1161.9625   0.999744
   1162.0159   0.999744
   1162.0694   0.999744
   1162.1229   0.999745
   1162.1764   0.999745
   1162.2299   0.999745
   1162.2834   0.999745
   1162.3369   0.999746
   1162.3904   0.999746
   1162.4439   0.999746
   1162.4974   0.999746
   1162.5510   0.999747
   1162.6045   0.999747
   1162.6580   0.999747
   1162.7115   0.999747
   1162.7650   0.999747
   1162.8185   0.999748
   1162.8721   0.999748
   1162.9256   0.999748
   1162.9791   0.999748
   1163.0327   0.999749
   1163.0862   0.999749
   1163.1397   0.999749
   1163.1933   0.999749
   1163.2468   0.999749
   1163.3004   0.999750
   1163.3539   0.999750
   1163.4075   0.999750
   1163.4610   0.999750
   1163.5146   0.999751
   1163.5681   0.999751
   1163.6217   0.999751
   1163.6753   0.999751
   1163.7288   0.999751
   1163.7824   0.999752
   1163.8360   0.999752
   1163.8896   0.999752
   1163.9431   0.999752
   1163.9967   0.999753
   1164.0503   0.999753
   1164.1039   0.999753
   1164.1575   0.999753
   1164.2110   0.999754
   1164.2646   0.999754
   1164.3182   0.999754
   1164.3718   0.999754
   1164.4254   0.999754
   1164.4790   0.999755
   1164.5326   0.999755
   1164.5862   0.999755
   1164.6398   0.999755
   1164.6934   0.999756
   1164.7471   0.999756
   1164.8007   0.999756
   1164.8543   0.999756
   1164.9079   0.999756
   1164.9615   0.999757
   1165.0152   0.999757
   1165.0688   0.999757
   1165.1224   0.999757
   1165.1761   0.999758
   1165.2297   0.999758
   1165.2833   0.999758
   1165.3370   0.999758
   1165.3906   0.999758
   1165.4443   0.999759
   1165.4979   0.999759
   1165.5516   0.999759
   1165.6052   0.999759
   1165.6589   0.999759
   1165.7125   0.999760
   1165.7662   0.999760
   1165.8198   0.999760
   1165.8735   0.999760
   1165.9272   0.999761
   1165.9808   0.999761
   1166.0345   0.999761
   1166.0882   0.999761
   1166.1419   0.999762
   1166.1955   0.999762
   1166.2492   0.999762
   1166.3029   0.999762
   1166.3566   0.999762
   1166.4103   0.999763
   1166.4640   0.999763
   1166.5177   0.999763
   1166.5714   0.999763
   1166.6251   0.999763
   1166.6788   0.999764
   1166.7325   0.999764
   1166.7862   0.999764
   1166.8399   0.999764
   1166.8936   0.999764
   1166.9473   0.999765
   1167.0010   0.999765
   1167.0548   0.999765
   1167.1085   0.999765
   1167.1622   0.999765
   1167.2159   0.999766
   1167.2697   0.999766
   1167.3234   0.999766
   1167.3771   0.999766
   1167.4309   0.999767
   1167.4846   0.999767
   1167.5383   0.999767
   1167.5921   0.999767
   1167.6458   0.999767
   1167.6996   0.999768
   1167.7533   0.999768
   1167.8071   0.999768
   1167.8608   0.999768
   1167.9146   0.999768
   1167.9684   0.999769
   1168.0221   0.999769
   1168.0759   0.999769
   1168.1297   0.999769
   1168.1834   0.999769
   1168.2372   0.999770
   1168.2910   0.999770
   1168.3448   0.999770
   1168.3985   0.999770
   1168.4523   0.999770
   1168.5061   0.999771
   1168.5599   0.999771
   1168.6137   0.999771
   1168.6675   0.999771
   1168.7213   0.999772
   1168.7751   0.999772
   1168.8289   0.999772
   1168.8827   0.999772
   1168.9365   0.999772
   1168.9903   0.999772
   1169.0441   0.999773
   1169.0979   0.999773
   1169.1517   0.999773
   1169.2056   0.999773
   1169.2594   0.999773
   1169.3132   0.999774
   1169.3670   0.999774
   1169.4209   0.999774
   1169.4747   0.999774
   1169.5285   0.999774
   1169.5824   0.999775
   1169.6362   0.999775
   1169.6900   0.999775
   1169.7439   0.999775
   1169.7977   0.999775
   1169.8516   0.999776
   1169.9054   0.999776
   1169.9593   0.999776
   1170.0131   0.999776
   1170.0670   0.999776
   1170.1208   0.999777
   1170.1747   0.999777
   1170.2286   0.999777
   1170.2824   0.999777
   1170.3363   0.999777
   1170.3902   0.999777
   1170.4441   0.999778
   1170.4979   0.999778
   1170.5518   0.999778
   1170.6057   0.999778
   1170.6596   0.999778
   1170.7135   0.999779
   1170.7674   0.999779
   1170.8213   0.999779
   1170.8751   0.999779
   1170.9290   0.999779
   1170.9829   0.999780
   1171.0368   0.999780
   1171.0908   0.999780
   1171.1447   0.999780
   1171.1986   0.999780
   1171.2525   0.999780
   1171.3064   0.999781
   1171.3603   0.999781
   1171.4142   0.999781
   1171.4682   0.999781
   1171.5221   0.999781
   1171.5760   0.999782
   1171.6299   0.999782
   1171.6839   0.999782
   1171.7378   0.999782
   1171.7917   0.999782
   1171.8457   0.999783
   1171.8996   0.999783
   1171.9536   0.999783
   1172.0075   0.999783
   1172.0615   0.999783
   1172.1154   0.999784
   1172.1694   0.999784
   1172.2233   0.999784
   1172.2773   0.999784
   1172.3313   0.999784
   1172.3852   0.999784
   1172.4392   0.999785
   1172.4932   0.999785
   1172.5471   0.999785
   1172.6011   0.999785
   1172.6551   0.999785
   1172.7091   0.999785
   1172.7630   0.999786
   1172.8170   0.999786
   1172.8710   0.999786
   1172.9250   0.999786
   1172.9790   0.999786
   1173.0330   0.999787
   1173.0870   0.999787
   1173.1410   0.999787
   1173.1950   0.999787
   1173.2490   0.999787
   1173.3030   0.999788
   1173.3570   0.999788
   1173.4110   0.999788
   1173.4650   0.999788
   1173.5190   0.999788
   1173.5731   0.999788
   1173.6271   0.999789
   1173.6811   0.999789
   1173.7351   0.999789
   1173.7892   0.999789
   1173.8432   0.999789
   1173.8972   0.999789
   1173.9513   0.999789
   1174.0053   0.999790
   1174.0594   0.999790
   1174.1134   0.999790
   1174.1674   0.999790
   1174.2215   0.999790
   1174.2755   0.999790
   1174.3296   0.999791
   1174.3837   0.999791
   1174.4377   0.999791
   1174.4918   0.999791
   1174.5458   0.999791
   1174.5999   0.999792
   1174.6540   0.999792
   1174.7080   0.999792
   1174.7621   0.999792
   1174.8162   0.999792
   1174.8703   0.999792
   1174.9244   0.999793
   1174.9784   0.999793
   1175.0325   0.999793
   1175.0866   0.999793
   1175.1407   0.999793
   1175.1948   0.999793
   1175.2489   0.999794
   1175.3030   0.999794
   1175.3571   0.999794
   1175.4112   0.999794
   1175.4653   0.999794
   1175.5194   0.999794
   1175.5735   0.999795
   1175.6276   0.999795
   1175.6818   0.999795
   1175.7359   0.999795
   1175.7900   0.999795
   1175.8441   0.999795
   1175.8982   0.999796
   1175.9524   0.999796
   1176.0065   0.999796
   1176.0606   0.999796
   1176.1148   0.999796
   1176.1689   0.999796
   1176.2231   0.999796
   1176.2772   0.999797
   1176.3313   0.999797
   1176.3855   0.999797
   1176.4396   0.999797
   1176.4938   0.999797
   1176.5480   0.999798
   1176.6021   0.999798
   1176.6563   0.999798
   1176.7104   0.999798
   1176.7646   0.999798
   1176.8188   0.999799
   1176.8729   0.999799
   1176.9271   0.999799
   1176.9813   0.999799
   1177.0355   0.999799
   1177.0897   0.999799
   1177.1438   0.999799
   1177.1980   0.999800
   1177.2522   0.999800
   1177.3064   0.999800
   1177.3606   0.999800
   1177.4148   0.999800
   1177.4690   0.999800
   1177.5232   0.999800
   1177.5774   0.999801
   1177.6316   0.999801
   1177.6858   0.999801
   1177.7400   0.999801
   1177.7942   0.999801
   1177.8485   0.999801
   1177.9027   0.999801
   1177.9569   0.999802
   1178.0111   0.999802
   1178.0653   0.999802
   1178.1196   0.999802
   1178.1738   0.999802
   1178.2280   0.999802
   1178.2823   0.999803
   1178.3365   0.999803
   1178.3908   0.999803
   1178.4450   0.999803
   1178.4992   0.999803
   1178.5535   0.999803
   1178.6077   0.999803
   1178.6620   0.999803
   1178.7163   0.999804
   1178.7705   0.999804
   1178.8248   0.999804
   1178.8790   0.999804
   1178.9333   0.999804
   1178.9876   0.999804
   1179.0418   0.999805
   1179.0961   0.999805
   1179.1504   0.999805
   1179.2047   0.999805
   1179.2589   0.999805
   1179.3132   0.999805
   1179.3675   0.999806
   1179.4218   0.999806
   1179.4761   0.999806
   1179.5304   0.999806
   1179.5847   0.999806
   1179.6390   0.999806
   1179.6933   0.999807
   1179.7476   0.999807
   1179.8019   0.999807
   1179.8562   0.999807
   1179.9105   0.999807
   1179.9648   0.999807
   1180.0191   0.999807
   1180.0735   0.999807
   1180.1278   0.999808
   1180.1821   0.999808
   1180.2364   0.999808
   1180.2908   0.999808
   1180.3451   0.999808
   1180.3994   0.999808
   1180.4538   0.999808
   1180.5081   0.999809
   1180.5624   0.999809
   1180.6168   0.999809
   1180.6711   0.999809
   1180.7255   0.999809
   1180.7798   0.999809
   1180.8342   0.999809
   1180.8885   0.999810
   1180.9429   0.999810
   1180.9973   0.999810
   1181.0516   0.999810
   1181.1060   0.999810
   1181.1604   0.999810
   1181.2147   0.999811
   1181.2691   0.999811
   1181.3235   0.999811
   1181.3779   0.999811
   1181.4322   0.999811
   1181.4866   0.999811
   1181.5410   0.999811
   1181.5954   0.999812
   1181.6498   0.999812
   1181.7042   0.999812
   1181.7586   0.999812
   1181.8130   0.999812
   1181.8674   0.999812
   1181.9218   0.999812
   1181.9762   0.999813
   1182.0306   0.999813
   1182.0850   0.999813
   1182.1394   0.999813
   1182.1938   0.999813
   1182.2483   0.999813
   1182.3027   0.999813
   1182.3571   0.999813
   1182.4115   0.999814
   1182.4660   0.999814
   1182.5204   0.999814
   1182.5748   0.999814
   1182.6293   0.999814
   1182.6837   0.999814
   1182.7381   0.999815
   1182.7926   0.999815
   1182.8470   0.999815
   1182.9015   0.999815
   1182.9559   0.999815
   1183.0104   0.999815
   1183.0648   0.999815
   1183.1193   0.999815
   1183.1738   0.999816
   1183.2282   0.999816
   1183.2827   0.999816
   1183.3371   0.999816
   1183.3916   0.999816
   1183.4461   0.999816
   1183.5006   0.999816
   1183.5550   0.999817
   1183.6095   0.999817
   1183.6640   0.999817
   1183.7185   0.999817
   1183.7730   0.999817
   1183.8275   0.999817
   1183.8820   0.999817
   1183.9365   0.999817
   1183.9910   0.999818
   1184.0455   0.999818
   1184.1000   0.999818
   1184.1545   0.999818
   1184.2090   0.999818
   1184.2635   0.999818
   1184.3180   0.999819
   1184.3725   0.999819
   1184.4271   0.999819
   1184.4816   0.999819
   1184.5361   0.999819
   1184.5906   0.999819
   1184.6452   0.999819
   1184.6997   0.999820
   1184.7542   0.999820
   1184.8088   0.999820
   1184.8633   0.999820
   1184.9178   0.999820
   1184.9724   0.999820
   1185.0269   0.999820
   1185.0815   0.999821
   1185.1360   0.999821
   1185.1906   0.999821
   1185.2451   0.999821
   1185.2997   0.999821
   1185.3543   0.999821
   1185.4088   0.999821
   1185.4634   0.999821
   1185.5180   0.999822
   1185.5725   0.999822
   1185.6271   0.999822
   1185.6817   0.999822
   1185.7363   0.999822
   1185.7908   0.999822
   1185.8454   0.999822
   1185.9000   0.999822
   1185.9546   0.999823
   1186.0092   0.999823
   1186.0638   0.999823
   1186.1184   0.999823
   1186.1730   0.999823
   1186.2276   0.999823
   1186.2822   0.999823
   1186.3368   0.999824
   1186.3914   0.999824
   1186.4460   0.999824
   1186.5006   0.999824
   1186.5552   0.999824
   1186.6099   0.999824
   1186.6645   0.999824
   1186.7191   0.999825
   1186.7737   0.999825
   1186.8284   0.999825
   1186.8830   0.999825
   1186.9376   0.999825
   1186.9923   0.999825
   1187.0469   0.999825
   1187.1016   0.999826
   1187.1562   0.999826
   1187.2108   0.999826
   1187.2655   0.999826
   1187.3201   0.999826
   1187.3748   0.999826
   1187.4295   0.999826
   1187.4841   0.999826
   1187.5388   0.999826
   1187.5934   0.999827
   1187.6481   0.999827
   1187.7028   0.999827
   1187.7575   0.999827
   1187.8121   0.999827
   1187.8668   0.999827
   1187.9215   0.999827
   1187.9762   0.999828
   1188.0308   0.999828
   1188.0855   0.999828
   1188.1402   0.999828
   1188.1949   0.999828
   1188.2496   0.999828
   1188.3043   0.999828
   1188.3590   0.999828
   1188.4137   0.999829
   1188.4684   0.999829
   1188.5231   0.999829
   1188.5778   0.999829
   1188.6325   0.999829
   1188.6873   0.999829
   1188.7420   0.999829
   1188.7967   0.999829
   1188.8514   0.999829
   1188.9061   0.999830
   1188.9609   0.999830
   1189.0156   0.999830
   1189.0703   0.999830
   1189.1251   0.999830
   1189.1798   0.999830
   1189.2345   0.999830
   1189.2893   0.999830
   1189.3440   0.999830
   1189.3988   0.999831
   1189.4535   0.999831
   1189.5083   0.999831
   1189.5630   0.999831
   1189.6178   0.999831
   1189.6726   0.999831
   1189.7273   0.999831
   1189.7821   0.999831
   1189.8369   0.999832
   1189.8916   0.999832
   1189.9464   0.999832
   1190.0012   0.999832
   1190.0560   0.999832
   1190.1107   0.999832
   1190.1655   0.999832
   1190.2203   0.999833
   1190.2751   0.999833
   1190.3299   0.999833
   1190.3847   0.999833
   1190.4395   0.999833
   1190.4943   0.999833
   1190.5491   0.999833
   1190.6039   0.999833
   1190.6587   0.999834
   1190.7135   0.999834
   1190.7683   0.999834
   1190.8231   0.999834
   1190.8779   0.999834
   1190.9327   0.999834
   1190.9876   0.999834
   1191.0424   0.999834
   1191.0972   0.999834
   1191.1520   0.999835
   1191.2069   0.999835
   1191.2617   0.999835
   1191.3165   0.999835
   1191.3714   0.999835
   1191.4262   0.999835
   1191.4811   0.999835
   1191.5359   0.999835
   1191.5908   0.999835
   1191.6456   0.999835
   1191.7005   0.999836
   1191.7553   0.999836
   1191.8102   0.999836
   1191.8650   0.999836
   1191.9199   0.999836
   1191.9748   0.999836
   1192.0296   0.999836
   1192.0845   0.999836
   1192.1394   0.999836
   1192.1943   0.999837
   1192.2491   0.999837
   1192.3040   0.999837
   1192.3589   0.999837
   1192.4138   0.999837
   1192.4687   0.999837
   1192.5236   0.999837
   1192.5785   0.999837
   1192.6334   0.999837
   1192.6883   0.999838
   1192.7432   0.999838
   1192.7981   0.999838
   1192.8530   0.999838
   1192.9079   0.999838
   1192.9628   0.999838
   1193.0177   0.999838
   1193.0726   0.999839
   1193.1275   0.999839
   1193.1825   0.999839
   1193.2374   0.999839
   1193.2923   0.999839
   1193.3473   0.999839
   1193.4022   0.999839
   1193.4571   0.999839
   1193.5121   0.999840
   1193.5670   0.999840
   1193.6219   0.999840
   1193.6769   0.999840
   1193.7318   0.999840
   1193.7868   0.999840
   1193.8417   0.999840
   1193.8967   0.999840
   1193.9516   0.999840
   1194.0066   0.999841
   1194.0616   0.999841
   1194.1165   0.999841
   1194.1715   0.999841
   1194.2265   0.999841
   1194.2814   0.999841
   1194.3364   0.999841
   1194.3914   0.999841
   1194.4464   0.999841
   1194.5014   0.999841
   1194.5563   0.999842
   1194.6113   0.999842
   1194.6663   0.999842
   1194.7213   0.999842
   1194.7763   0.999842
   1194.8313   0.999842
   1194.8863   0.999842
   1194.9413   0.999842
   1194.9963   0.999842
   1195.0513   0.999842
   1195.1063   0.999843
   1195.1613   0.999843
   1195.2164   0.999843
   1195.2714   0.999843
   1195.3264   0.999843
   1195.3814   0.999843
   1195.4364   0.999843
   1195.4915   0.999843
   1195.5465   0.999843
   1195.6015   0.999843
   1195.6566   0.999844
   1195.7116   0.999844
   1195.7667   0.999844
   1195.8217   0.999844
   1195.8767   0.999844
   1195.9318   0.999844
   1195.9868   0.999844
   1196.0419   0.999844
   1196.0969   0.999845
   1196.1520   0.999845
   1196.2071   0.999845
   1196.2621   0.999845
   1196.3172   0.999845
   1196.3723   0.999845
   1196.4273   0.999845
   1196.4824   0.999846
   1196.5375   0.999846
   1196.5926   0.999846
   1196.6476   0.999846
   1196.7027   0.999846
   1196.7578   0.999846
   1196.8129   0.999846
   1196.8680   0.999846
   1196.9231   0.999846
   1196.9782   0.999846
   1197.0333   0.999846
   1197.0884   0.999847
   1197.1435   0.999847
   1197.1986   0.999847
   1197.2537   0.999847
   1197.3088   0.999847
   1197.3639   0.999847
   1197.4191   0.999847
   1197.4742   0.999847
   1197.5293   0.999848
   1197.5844   0.999848
   1197.6395   0.999848
   1197.6947   0.999848
   1197.7498   0.999848
   1197.8049   0.999848
   1197.8601   0.999848
   1197.9152   0.999848
   1197.9704   0.999848
   1198.0255   0.999848
   1198.0807   0.999849
   1198.1358   0.999849
   1198.1910   0.999849
   1198.2461   0.999849
   1198.3013   0.999849
   1198.3564   0.999849
   1198.4116   0.999849
   1198.4668   0.999849
   1198.5219   0.999849
   1198.5771   0.999849
   1198.6323   0.999849
   1198.6874   0.999850
   1198.7426   0.999850
   1198.7978   0.999850
   1198.8530   0.999850
   1198.9082   0.999850
   1198.9634   0.999850
   1199.0185   0.999850
   1199.0737   0.999850
   1199.1289   0.999850
   1199.1841   0.999851
   1199.2393   0.999851
   1199.2945   0.999851
   1199.3497   0.999851
   1199.4050   0.000000
   1199.4602   0.000000
   1199.5154   0.000000
   1199.5706   0.000000
   1199.6258   0.000000
   1199.6810   0.000000
   1199.7363   0.000000
   1199.7915   0.000000
   1199.8467   0.000000
   1199.9019   0.000000
